{
  "format_version": "1.16.0",
  "minecraft:entity": {
    "description": {
      "identifier": "twilightforest:raven",
      "is_spawnable": true,
      "is_summonable": true,
      "is_experimental": false,
      "runtime_identifier": "minecraft:chicken"
    },
    "component_groups": {
      "twilightforest:transformation": {
        "minecraft:transformation": {
          "into": "minecraft:bat"
        }
      },
      "minecraft:on_hurt": {//Crash
        /*"minecraft:behavior.panic": {
          "priority": 3,
          "speed_multiplier": 1.25
        },
        "minecraft:navigation.fly": {
          "can_path_over_water": true,
          "avoid_damage_blocks": true,
          "avoid_portals": true,
          "avoid_water": true
        },
        "minecraft:can_fly": {}*/
      },
      "twilightforest:walk": {
        "minecraft:navigation.generic": {
          "avoid_damage_blocks": true,
          "avoid_portals": true,
          "avoid_water": true
        },
        "minecraft:movement.basic": {}
      }
    },
    "components": {
      "minecraft:experience_reward": {
        "on_death": "query.last_hit_by_player ? Math.Random(1,2) : 0"
      },
      "minecraft:loot": {
        "table": "loot_tables/entities/raven.json"
      },
      "minecraft:type_family": {
        "family": [ "raven", "mob" ]
      },
      "minecraft:behavior.move_to_block": {
        "priority": 1,
        "tick_interval": 1,
        "start_chance": 0.5,
        "search_range": 16,
        "search_height": 32,
        "goal_radius": 3,
        "target_selection_method": "random",
        "target_blocks": [
          "minecraft:obsidian"
        ]
      },
      "minecraft:behavior.panic": {
        "priority": 0,
        "speed_multiplier": 1.25
      },
      "minecraft:breathable": {
        "total_supply": 15,
        "suffocate_time": 0
      },
      "minecraft:health": {
        "value": 10,
        "max": 10
      },
      "minecraft:collision_box": {
        "width": 0.55,
        "height": 0.55
      },
      "minecraft:damage_sensor": {
        "triggers": [
          {
            "cause": "fall",
            "deals_damage": false
          }/*,
          {
            "cause": "all",
            "on_damage": {
              "event": "minecraft:on_hurt",
              "target": "self"
            }
          }*/
        ]
      },
      "minecraft:hurt_on_condition": {
        "damage_conditions": [
          {
            "filters": {
              "test": "in_lava",
              "subject": "self",
              "operator": "==",
              "value": true
            },
            "cause": "lava",
            "damage_per_tick": 4
          }
        ]
      },
      "minecraft:movement": {
        "value": 0.2
      },
      "minecraft:jump.static": {},
      "minecraft:physics": {},
      "minecraft:pushable": {
        "is_pushable": true,
        "is_pushable_by_piston": true
      },
      "minecraft:interact": {
        "interactions": [
          {
            "on_interact": {
              "filters": {
                "all_of": [
                  {
                    "test": "has_equipment",
                    "domain": "hand",
                    "subject": "other",
                    "value": "twilightforest:transformation_powder"
                  }
                ]
              },
              "event": "twilightforest:transformation",
              "target": "self"
            },
            "use_item": true,
            "interact_text": "action.interact.transformation"
          }
        ]
      },
      "minecraft:conditional_bandwidth_optimization": {}
    },
    "events": {
      "twilightforest:transformation": {
        "add": {
          "component_groups": [
            "twilightforest:transformation"
          ]
        }
      },
      "minecraft:entity_spawned": {
        "add": {
          "component_groups": [
            "twilightforest:walk"
          ]
        }
      },
      "twilightforest:walk": {
        "add": {
          "component_groups": [
            "twilightforest:walk"
          ]
        }
      }/*,
      "minecraft:on_hurt": {
        "remove": {
          "component_groups": [
            "twilightforest:walk"
          ]
        },
        "add": {
          "component_groups": [
            "minecraft:on_hurt"
          ]
        }
      }*/
    }
  }
}