{
  "format_version": "1.16.100",
  "minecraft:item": {
    "description": {
      "identifier": "twilightforest:ice_bomb"
    },
    "components": {
      "minecraft:creative_category": {
        "category": "equipment",
        "group": "itemGroup.name.tools"
      },
      "minecraft:display_name": {
        "value": "item.twilightforest.ice_bomb"
      },
      "minecraft:icon": {
        "texture": "ice_bomb"
      },
      "minecraft:max_stack_size": 16,
      "minecraft:throwable": {
        "do_swing_animation": true
      },
      "minecraft:projectile": {
        "projectile_entity": "minecraft:snowball"
      }
    }
  }
}