{
  "format_version": "1.16.100",
  "minecraft:item": {
    "description": {
      "identifier": "twilightforest:trophy.knight_phantom"
    },
    "components": {
      "minecraft:creative_category": {
        "category": "equipment",
        "group": "itemGroup.name.twilightforest.trophy"
      },
      "minecraft:display_name": {
        "value": "item.twilightforest.trophy_knight_phantom"
      },
      "minecraft:icon": {
        "texture": "trophy_knight_phantom"
      },
      /*"minecraft:block_placer": {
        "block": "twilightforest:trophy_knight_phantom"
      },*/
      "minecraft:armor": {
        "protection": 0
      },
      "minecraft:wearable": {
        "slot": "slot.armor.head"
      }
    }
  }
}
