{
  "format_version": "1.16.100",
  "minecraft:item": {
    "description": {
      "identifier": "twilightforest:trophy.quest_ram"
    },
    "components": {
      "minecraft:creative_category": {
        "category": "equipment",
        "group": "itemGroup.name.twilightforest.trophy"
      },
      "minecraft:display_name": {
        "value": "item.twilightforest.trophy_quest_ram"
      },
      "minecraft:icon": {
        "texture": "trophy_quest_ram"
      },
      "minecraft:block_placer": {
        "block": "twilightforest:trophy_quest_ram"
      },
      "minecraft:armor": {
        "protection": 0
      },
      "minecraft:wearable": {
        "slot": "slot.armor.head"
      }
    }
  }
}
