{
  "format_version": "1.12",
  "minecraft:recipe_shaped": {
    "description": {
    "identifier": "twilightforest:soul_torch_from_torchberries.soul_soil"
    },
    "tags": [ "crafting_table" ],
    "pattern": [
      "T",
      "S",
      "*"
    ],
    "key": {
      "T": {
        "item": "twilightforest:torchberries"
      },
      "S": {
        "item":"minecraft:stick"
      },
      "*": {
        "item":"minecraft:soul_soil"
      }
    },
    "result": {
      "item": "minecraft:soul_torch",
      "count": 5
    }
  }
}