{
  "format_version": "1.10.0",
  "minecraft:client_entity": {
    "description": {
      "identifier": "twilightforest:nature_bolt",
      "materials": {
        "default": "snowball"
      },
      "textures": {
        "default": "textures/items/seeds_wheat"
      },
      "geometry": {
        "default": "geometry.item_sprite"
      },
      "animations": {
        "face_player": "animation.actor.billboard"
      },
      "scripts": {
        "animate": [
          "face_player"
        ]
      },
      "render_controllers": [ "controller.render.item_sprite" ]
    }
  }
}
