{
  "format_version": "1.16.100",
  "minecraft:item": {
    "description": {
      "identifier": "twilightforest:cooked_venison"
    },
    "components": {
      "minecraft:creative_category": {
        "category": "equipment",
        "group": "itemGroup.name.cookedFood"
      },
      "minecraft:display_name": {
        "value": "item.twilightforest.cooked_venison"
      },
      "minecraft:icon": {
        "texture": "cooked_venison"
      },
      "minecraft:hand_equipped": false,
      "minecraft:stacked_by_data": true,
      "minecraft:use_duration": 1.6,
      "minecraft:use_animation": "eat",
      "minecraft:food": {
        "nutrition": 8,
        "saturation_modifier": "good"
      }
    }
  }
}