{
  "format_version": "1.16.100",
  "minecraft:item": {
    "description": {
      "identifier": "twilightforest:hydra_chop"
    },
    "components": {
      "minecraft:creative_category": {
        "category": "equipment",
        "group": "itemGroup.name.cookedFood"
      },
      "minecraft:display_name": {
        "value": "item.twilightforest.hydra_chop"
      },
      "minecraft:icon": {
        "texture": "hydra_chop"
      },
      "minecraft:use_duration": 1.6,
      "minecraft:use_animation": "eat",
      "minecraft:food": {
        "nutrition": 18,
        "saturation_modifier": "supernatural",
        "can_always_eat": true,
        "on_consume": {
          "event": "twilightforest:on_consumed"
        }
      }
    },
    "events": {
      "twilightforest:on_consumed": {
        "sequence": [
          {
            "add_mob_effect": {
              "effect": "regeneration",
              "duration": 5,
              "amplifier": 0,
              "target": "holder"
            }
          }
        ]
      }
    }
  }
}