{
  "format_version": "1.16.100",
  "minecraft:item": {
    "description": {
      "identifier": "twilightforest:maze_wafer"
    },
    "components": {
      "minecraft:creative_category": {
        "category": "equipment",
        "group": "itemGroup.name.miscFood"
      },
      "minecraft:display_name": {
        "value": "item.twilightforest.maze_wafer"
      },
      "minecraft:icon": {
        "texture": "maze_wafer"
      },
      "minecraft:use_duration": 1.6,
      "minecraft:use_animation": "eat",
      "minecraft:food": {
        "nutrition": 4,
        "saturation_modifier": "good"
      }
    }
  }
}