{
  "format_version": "1.16.100",
  "minecraft:item": {
    "description": {
      "identifier": "twilightforest:meef_stroganoff"
    },
    "components": {
      "minecraft:creative_category": {
        "category": "equipment",
        "group": "itemGroup.name.miscFood"
      },
      "minecraft:display_name": {
        "value": "item.twilightforest.meef_stroganoff"
      },
      "minecraft:icon": {
        "texture": "meef_stroganoff"
      },
      "minecraft:hand_equipped": false,
      "minecraft:stacked_by_data": true,
      "minecraft:use_duration": 1.6,
      "minecraft:use_animation": "eat",
      "minecraft:max_stack_size": 1,
      "minecraft:food": {
        "nutrition": 8,
        "saturation_modifier": "good",
        "using_converts_to": "bowl"
      }
    }
  }
}