{
  "format_version": "1.16.100",
  "minecraft:item": {
    "description": {
      "identifier": "twilightforest:venison"
    },
    "components": {
      "minecraft:creative_category": {
        "category": "nature",
        "group": "itemGroup.name.rawFood"
      },
      "minecraft:display_name": {
        "value": "item.twilightforest.venison"
      },
      "minecraft:icon": {
        "texture": "venison"
      },
      "minecraft:hand_equipped": false,
      "minecraft:stacked_by_data": true,
      "minecraft:use_duration": 1.6,
      "minecraft:use_animation": "eat",
      "minecraft:food": {
        "nutrition": 3,
        "saturation_modifier": "low"
      }
    }
  }
}