{
  "format_version": "1.10.0",
  "minecraft:attachable": {
    "description": {
      "identifier": "twilightforest:ironwood_helmet.player",
      "item": {
        "twilightforest:ironwood_helmet": "query.owner_identifier == 'minecraft:player'"
      },
      "materials": {
        "default": "armor",
        "enchanted": "armor_enchanted"
      },
      "textures": {
        "default": "textures/models/armor/ironwood_1",
        "enchanted": "textures/misc/enchanted_item_glint"
      },
      "geometry": {
        "default": "geometry.player.armor.helmet"
      },
      "scripts": {
        "parent_setup": "variable.helmet_layer_visible = 0.0;"
      },
      "render_controllers": [
        "controller.render.armor"
      ]
    }
  }
}
