{
	"format_version" : "1.16.0",
	"minecraft:geometry" : [
		{
			"description" : {
				"identifier" : "geometry.giant_pickaxe",
				"texture_width" : 16.0,
				"texture_height" : 16.0
			},
			"bones" : [
				{
					"name": "rightItem",
					"texture_meshes" : [
						{
							"local_pivot" : [ 6.0, 0.0, 6.0 ],
							"position" : [ 2.00, 1.0, -2.0 ],
							"rotation" : [ 0.0, -135.0, 90.0 ],
							"scale" : [ 5.0, 5.0, 5.0 ],
							"texture" : "giant_pickaxe"
						}
					],
					"inflate": 10
				}
			]
		},
		{
			"description" : {
				"identifier" : "geometry.twilightforest.giant_sword",
				"texture_width" : 16.0,
				"texture_height" : 16.0
			},
			"bones" : [
        {
          "name": "rightArm"
        },
        {
          "name": "rightItem",
          "pivot": [ -6, 15, 1 ],
          "locators": {
            "lead_hold": [ -6, 15, 1 ]
          },
          "parent": "rightArm",
					"texture_meshes" : [
						{
							"scale" : [ 5.0, 5.0, 5.0 ],
							"texture" : "default"
						}
					]
        }
			]
		}
	]
}
