{
	"format_version": "1.10.0",
	"geometry.bighorn_sheep.sheared": {
		"texturewidth": 64,
		"textureheight": 64,
		"visible_bounds_width": 2,
		"visible_bounds_height": 1.75,
		"visible_bounds_offset": [0, 0.5, 0],
		"bones": [
			{
				"name": "head",
				"pivot": [0, 18, -8],
				"cubes": [
					{"origin": [-3, 16, -14], "size": [6, 6, 7], "uv": [0, 0]}
				]
			},
		    {
				"name": "rightHorn1",
				"parent": "head",
				"pivot": [0, 18, -7],
				"cubes": [
					{"origin": [-5, 20, -12], "size": [2, 2, 2], "uv": [28, 16]},
					{"origin": [-6, 21, -11], "size": [2, 2, 4], "uv": [16, 13]},
					{"origin": [-7, 17, -8], "size": [2, 5, 2], "uv": [16, 19]},
					{"origin": [-8, 16, -9], "size": [2, 2, 3], "uv": [18, 27]},
					{"origin": [-9, 17, -9.5], "size": [2, 2, 1], "uv": [28, 27]}
				]
			},
			{
				"name": "leftHorn1",
				"parent": "head",
				"pivot": [0, 18, -7],
				"cubes": [
					{"origin": [3, 20, -12], "size": [2, 2, 2], "uv": [28, 16]},
					{"origin": [4, 21, -11], "size": [2, 2, 4], "uv": [16, 13]},
					{"origin": [5, 17, -8], "size": [2, 5, 2], "uv": [16, 19]},
					{"origin": [6, 16, -9], "size": [2, 2, 3], "uv": [18, 27]},
					{"origin": [7, 17, -9.5], "size": [2, 2, 1], "uv": [28, 27]}
				]
			},
			{
				"name": "body",
				"pivot": [0, 19, 2],
			    "bind_pose_rotation": [ 90.0, 0.0, 0.0 ],
				"cubes": [
					{"origin": [-4, 13, -5], "size": [8, 15, 6], "uv": [36, 10]}
				]
			},
			{
				"name": "leg0",
				"pivot": [-3, 12, 7],
				"cubes": [
					{"origin": [-5, 0, 5], "size": [4, 12, 4], "uv": [0, 16]}
				]
			},
			{
				"name": "leg1",
				"pivot": [3, 12, 7],
				"cubes": [
					{"origin": [1, 0, 5], "size": [4, 12, 4], "uv": [0, 16]}
				]
			},
			{
				"name": "leg2",
				"pivot": [-3, 12, -5],
				"cubes": [
					{"origin": [-5, 0, -7], "size": [4, 12, 4], "uv": [0, 16]}
				]
			},
			{
				"name": "leg3",
				"pivot": [3, 12, -5],
				"cubes": [
					{"origin": [1, 0, -7], "size": [4, 12, 4], "uv": [0, 16]}
				]
			}
		]
	},
	"geometry.bighorn_sheep:geometry.bighorn_sheep.sheared": {
		"texturewidth": 64,
		"textureheight": 64,
		"visible_bounds_width": 2,
		"visible_bounds_height": 1.75,
		"visible_bounds_offset": [0, 0.5, 0],
		"bones": [
			{
				"name": "head",
				"pivot": [0, 18, -8],
				"cubes": [
					{"origin": [-3, 16, -12], "size": [6, 6, 6], "uv": [0, 32], "inflate": 0.6}
				]
			},
			{
				"name": "body",
				"pivot": [0, 19, 2],
				"bind_pose_rotation": [ 90.0, 0.0, 0.0 ],
				"cubes": [
					{"origin": [-4, 13, -5], "size": [8, 16, 6], "uv": [28, 40], "inflate": 1.75}
				]
			},
			{
				"name": "leg0",
				"pivot": [-3, 12, 7],
				"cubes": [
					{"origin": [-5, 6, 5], "size": [4, 6, 4], "uv": [0, 48], "inflate": 0.5}
				]
			},
			{
				"name": "leg1",
				"pivot": [3, 12, 7],
				"cubes": [
					{"origin": [1, 6, 5], "size": [4, 6, 4], "uv": [0, 48], "inflate": 0.5}
				]
			},
			{
				"name": "leg2",
				"pivot": [-3, 12, -5],
				"cubes": [
					{"origin": [-5, 6, -7], "size": [4, 6, 4], "uv": [0, 48], "inflate": 0.5}
				]
			},
			{
				"name": "leg3",
				"pivot": [3, 12, -5],
				"cubes": [
					{"origin": [1, 6, -7], "size": [4, 6, 4], "uv": [0, 48], "inflate": 0.5}
				]
			}
		]
	}
}