{
	"format_version": "1.12.0",
	"minecraft:geometry": [
		{
			"description": {
				"identifier": "geometry.bunny",
				"texture_width": 32,
				"texture_height": 32,
				"visible_bounds_width": 2,
				"visible_bounds_height": 2,
				"visible_bounds_offset": [0, 1, 0]
			},
			"bones": [
				{
					"name": "body",
					"pivot": [0, 0, 0],
					"cubes": [
						{"origin": [-2, 1, -2], "size": [4, 3, 5], "uv": [0, 8]}
					]
				},
				{
					"name": "head",
					"parent": "body",
					"pivot": [0, 4, -1],
					"cubes": [
						{"origin": [-2, 2, -4], "size": [4, 4, 4], "uv": [0, 0]},
						{"origin": [-2.5, 6, -1.5], "size": [2, 4, 1], "uv": [16, 0]},
						{"origin": [0.5, 6, -1.5], "size": [2, 4, 1], "uv": [16, 0]}
					]
				},
				{
					"name": "tail",
					"parent": "body",
					"pivot": [0, 0, 0],
					"cubes": [
						{"origin": [-1, 3, 3], "size": [2, 2, 2], "uv": [0, 18]}
					]
				},
				{
					"name": "leg0",
					"parent": "body",
					"pivot": [-1.5, 1, -1.5],
					"cubes": [
						{"origin": [-2, 0, -2], "size": [1, 1, 1], "uv": [0, 16]}
					]
				},
				{
					"name": "leg1",
					"parent": "body",
					"pivot": [1.5, 1, -1.5],
					"mirror": true,
					"cubes": [
						{"origin": [1, 0, -2], "size": [1, 1, 1], "uv": [0, 16]}
					]
				},
				{
					"name": "leg2",
					"parent": "body",
					"pivot": [-1.5, 1, 2.5],
					"cubes": [
						{"origin": [-2, 0, 2], "size": [1, 1, 1], "uv": [0, 16]}
					]
				},
				{
					"name": "leg3",
					"parent": "body",
					"pivot": [1.5, 1, 2.5],
					"mirror": true,
					"cubes": [
						{"origin": [1, 0, 2], "size": [1, 1, 1], "uv": [0, 16]}
					]
				}
			]
		}
	]
}