{
  "format_version": "1.16.0",
  "minecraft:entity": {
    "description": {
      "identifier": "twilightforest:bunny",
      "runtime_identifier": "minecraft:rabbit",
      "is_spawnable": true,
      "is_summonable": true,
      "is_experimental": false
    },
 
    "component_groups": {
      "minecraft:rabbit_baby": {
        "minecraft:is_baby": {
        }
      },
      "coat_brown": {
        "minecraft:variant": { "value": 0 }
      },
      "coat_white": {
        "minecraft:variant": { "value": 1 }
      },
      "coat_black": {
        "minecraft:variant": { "value": 2 }
      },
      "twilightforest:transformation": {
        "minecraft:transformation": {
          "into": "minecraft:rabbit"
        }
      }
    },

    "components": {
      "minecraft:type_family": {
        "family":["bunny", "rabbit", "lightweight", "mob"]
      },
      "minecraft:breathable": {
        "total_supply": 15,
        "suffocate_time": 0
      },
      "minecraft:nameable": {
      },

      "minecraft:health": {
        "value": 3,
        "max": 3
      },
      "minecraft:hurt_on_condition": {
        "damage_conditions": [
          {
            "filters": { "test": "in_lava", "subject": "self", "operator": "==", "value": true },
            "cause": "lava",
            "damage_per_tick": 4
          }
        ]
      },
      "minecraft:collision_box": {
        "width": 0.3,
        "height": 0.5
      },
      "minecraft:movement": {
        "value": 0.3
      },
      "minecraft:experience_reward": {
        "on_death": "query.last_hit_by_player ? Math.Random(1,3) : 0"
      },
      "minecraft:loot": {
        "table": "loot_tables/entities/rabbit.json"
      },
      "minecraft:interact": {
        "interactions": [
          {
            "on_interact": {
              "filters": {
                "all_of": [
                  { "test": "has_equipment", "domain": "hand", "subject": "other", "value": "twilightforest:transformation_powder" }
                ]
              },
              "event": "twilightforest:transformation",
              "target": "self"
            },
            "use_item": true,
            "interact_text": "action.interact.transformation"
          }
        ]
      },
      "minecraft:navigation.walk": {
        "can_path_over_water": true,
        "avoid_water": true
      },
      "minecraft:movement.skip": {
      },
      "minecraft:jump.dynamic": {
      },
      "minecraft:can_climb": {
      },
      "minecraft:leashable": {
        "soft_distance": 4.0,
        "hard_distance": 6.0,
        "max_distance": 10.0
      },
      "minecraft:balloonable": {
        "mass": 0.4
      },
      "minecraft:despawn": {
        "despawn_from_distance": {}
      },
      "minecraft:behavior.float": {
        "priority": 0
      },
      "minecraft:behavior.panic" : {
        "priority": 1,
        "speed_multiplier": 2.2
      },
      "minecraft:behavior.avoid_mob_type": {
        "priority": 4,
        "entity_types":[
          {
            "filters": { "test": "is_family", "subject": "other", "value": "player" },
            "max_dist": 8,
            "walk_speed_multiplier": 1.5,
            "sprint_speed_multiplier": 1.8
          },
          {
            "filters": { "test": "is_family", "subject": "other", "value": "wolf" },
            "max_dist": 4,
            "walk_speed_multiplier": 1.5,
            "sprint_speed_multiplier": 1.8
          },
          {
            "filters": { "test": "is_family", "subject": "other", "value": "monster" },
            "max_dist": 4,
            "walk_speed_multiplier": 1.5,
            "sprint_speed_multiplier": 1.5
          }
        ]
      },
      "minecraft:behavior.tempt": {
        "priority": 3,
        "speed_multiplier": 1,
        "items": [
          "golden_carrot",
          "carrot",
          "yellow_flower"
        ]
      },
      "minecraft:behavior.raid_garden": {
        "priority": 5,
        "blocks": [
          "minecraft:carrots"
        ],
        "search_range": 16,
        "goal_radius": 0.8
      },
      "minecraft:behavior.random_stroll": {
        "priority": 6,
        "speed_multiplier": 0.6,
        "xz_dist": 2,
        "y_dist": 1
      },
      "minecraft:behavior.look_at_player": {
        "priority": 11
      },
      "minecraft:physics": {
      },
      "minecraft:pushable": {
        "is_pushable": true,
        "is_pushable_by_piston": true
      },
      "minecraft:conditional_bandwidth_optimization": {
      }
    },
 
    "events": {
      "minecraft:entity_spawned": {
        "trigger": "get_coat"
      },
      "get_coat": {
        "sequence": [
          {
            "randomize": [
              {
                "weight": 1,
                "add": { "component_groups": [ "coat_brown" ] }
              },
              {
                "weight": 1,
                "add": { "component_groups": [ "coat_white" ] }
              },
              {
                "weight": 1,
                "add": { "component_groups": [ "coat_black" ] }
              }
            ]
          }
        ]
      },
      "twilightforest:transformation": {
        "add": {
          "component_groups": [
            "twilightforest:transformation"
          ]
        }
      },
      "minecraft:entity_transformed": {
        "sequence": [
          {
            "filters": { "test": "has_component", "subject": "other", "value": "minecraft:is_baby" },
            "add": {
              "component_groups": [
                "minecraft:rabbit_baby"
              ]
            }
          },
          {
            "trigger": "get_coat"
          }
        ]
      }
    }
  }
}