{
  "format_version": "1.16.0",
  "minecraft:entity": {
    "description": {
      "identifier": "twilightforest:maze_slime",
      "is_spawnable": true,
      "is_summonable": true,
      "is_experimental": false
    },
    "component_groups": {
      "minecraft:slime_large": {
        "minecraft:variant": {
          "value": 4
        },
        "minecraft:collision_box": {
          "width": 2.08,
          "height": 2.08
        },
        "minecraft:health": {
          "value": 32,
          "max": 32
        },
        "minecraft:movement": {
          "value": 0.6
        },
        "minecraft:area_attack": {
          "entity_filter": {
            "any_of": [
              { "test": "is_family", "subject": "other", "value": "player" },
              { "test": "is_family", "subject": "other", "value": "snowgolem" },
              { "test": "is_family", "subject": "other", "value": "irongolem" }
            ]
          },
          "damage_per_tick": 11,
          "damage_range": 0,
          "cause": "entity_attack"
        }
      },
      "minecraft:slime_medium": {
        "minecraft:variant": {
          "value": 2
        },
        "minecraft:collision_box": {
          "width": 1.04,
          "height": 1.04
        },
        "minecraft:health": {
          "value": 8,
          "max": 8
        },
        "minecraft:movement": {
          "value": 0.4
        },
        "minecraft:area_attack": {
          "entity_filter": {
            "any_of": [
              { "test": "is_family", "subject": "other", "value": "player" },
              { "test": "is_family", "subject": "other", "value": "snowgolem" },
              { "test": "is_family", "subject": "other", "value": "irongolem" }
            ]
          },
          "damage_per_tick": 7,
          "damage_range": 0,
          "cause": "attack"
        }
      },
      "minecraft:slime_small": {
        "minecraft:variant": {
          "value": 1
        },
        "minecraft:collision_box": {
          "width": 0.52,
          "height": 0.52
        },
        "minecraft:health": {
          "value": 2,
          "max": 2
        },
        "minecraft:movement": {
          "value": 0.3
        },
        "minecraft:area_attack": {
          "entity_filter": {
            "any_of": [
              { "test": "is_family", "subject": "other", "value": "player" },
              { "test": "is_family", "subject": "other", "value": "snowgolem" },
              { "test": "is_family", "subject": "other", "value": "irongolem" }
            ]
          },
          "damage_per_tick": 6,
          "damage_range": 0,
          "cause": "attack"
        },
        "minecraft:loot": {
          "table": "loot_tables/entities/slime.json"
        }
      },
      "minecraft:slime_calm": {
        "minecraft:movement.jump": {
          "jump_delay": [ 0.5, 1.5 ]
        }
      },
      "minecraft:slime_aggressive": {
        "minecraft:movement.jump": {
          "jump_delay": [ 0.16, 0.5 ]
        }
      },
      "twilightforest:spawn_4": {
        "minecraft:spawn_entity": {
          "entities": [
            {
              "min_wait_time": 0,
              "max_wait_time": 0,
              "spawn_entity": "twilightforest:maze_slime",
              "spawn_event": "minecraft:entity_born",
              "spawn_method": "born",
              "single_use": true,
              "num_to_spawn": 4
            }
          ]
        }
      },
      "twilightforest:spawn_3": {
        "minecraft:spawn_entity": {
          "entities": [
            {
              "min_wait_time": 0,
              "max_wait_time": 0,
              "spawn_entity": "twilightforest:maze_slime",
              "spawn_event": "minecraft:entity_born",
              "spawn_method": "born",
              "single_use": true,
              "num_to_spawn": 3
            }
          ]
        }
      },
      "twilightforest:spawn_2": {
        "minecraft:spawn_entity": {
          "entities": [
            {
              "min_wait_time": 0,
              "max_wait_time": 0,
              "spawn_entity": "twilightforest:maze_slime",
              "spawn_event": "minecraft:entity_born",
              "spawn_method": "born",
              "single_use": true,
              "num_to_spawn": 2
            }
          ]
        }
      }
    },

    "components": {
      "minecraft:experience_reward": {
        "on_death": "query.last_hit_by_player ? query.variant : 0"
      },
      "minecraft:type_family": {
        "family": [ "slime", "monster", "mob" ]
      },
      "minecraft:breathable": {
        "total_supply": 15,
        "suffocate_time": 0
      },
      "minecraft:navigation.walk": {
        "can_path_over_water": true,
        "avoid_water": true
      },
      "minecraft:jump.static": {
      },
      "minecraft:can_climb": {
      },
      "minecraft:hurt_on_condition": {
        "damage_conditions": [
          {
            "filters": { "test": "in_lava", "subject": "self", "operator": "==", "value": true },
            "cause": "lava",
            "damage_per_tick": 4
          }
        ]
      },
      "minecraft:movement.jump": {
        "jump_delay": [ 0.5, 1.5 ]
      },
      "minecraft:on_target_acquired": {
        "event": "minecraft:become_aggressive",
        "target": "self"
      },
      "minecraft:on_target_escape": {
        "event": "minecraft:become_calm",
        "target": "self"
      },
      "minecraft:nameable": {
      },
      "minecraft:despawn": {
        "despawn_from_distance": {}
       },
      "minecraft:behavior.slime_float": {
        "priority": 1,
        "jump_chance_percentage": 0.8,
        "speed_multiplier": 1.2
      },
      "minecraft:behavior.slime_attack": {
        "priority": 3
      },
      "minecraft:behavior.slime_random_direction": {
        "priority": 4,
        "add_random_time_range": 3,
        "turn_range": 360,
        "min_change_direction_time": 2.0
      },
      "minecraft:behavior.slime_keep_on_jumping": {
        "priority": 5,
        "speed_multiplier": 1.0
      },
      "minecraft:behavior.nearest_attackable_target": {
        "priority": 2,
        "entity_types": [
          {
            "filters": {
              "any_of": [
                { "test": "is_family", "subject": "other", "value": "player" },
                { "test": "is_family", "subject": "other", "value": "snowgolem" },
                { "test": "is_family", "subject": "other", "value": "irongolem" }
              ]
            },
            "max_dist": 16
          }
        ],
        "must_see": true
      },
      "minecraft:physics": {
      },
      "minecraft:pushable": {
        "is_pushable": true,
        "is_pushable_by_piston": true
      },
      "minecraft:damage_sensor": {
        "triggers": [
          {
            "on_damage": {
              "filters": {
                "all_of": [
                  { "test": "has_damage", "value": "fatal" }
                ]
              },
              "event": "twilightforest:fatal"
            }
          }
        ]
      },
      "minecraft:conditional_bandwidth_optimization": {
      }
    },

    "events": {
      "minecraft:entity_spawned": {
        "randomize": [
          {
            "weight": 1,
            "trigger": "minecraft:slime_large"
          },
          {
            "weight": 1,
            "trigger": "minecraft:slime_medium"
          },
          {
            "weight": 1,
            "trigger": "minecraft:slime_small"
          }
        ]
      },
      "minecraft:entity_born": {
        "sequence": [
          {
            "filters": {
              "test": "is_variant",
              "subject": "other",
              "operator": ">",
              "value": 4
            },
            "trigger": "minecraft:slime_large"
          },
          {
            "filters": {
              "test": "is_variant",
              "subject": "other",
              "value": 4
            },
            "trigger": "minecraft:slime_medium"
          },
          {
            "filters": {
              "test": "is_variant",
              "subject": "other",
              "value": 2
            },
            "trigger": "minecraft:slime_small"
          }
        ]
      },
      "twilightforest:fatal": {
        "sequence": [
          {
            "filters": {
              "test": "is_variant",
              "subject": "self",
              "operator": ">",
              "value": 1
            },
            "randomize": [
              {
                "weight": 1,
                "add": {
                  "component_groups": [
                    "twilightforest:spawn_4"
                  ]
                }
              },
              {
                "weight": 1,
                "add": {
                  "component_groups": [
                    "twilightforest:spawn_3"
                  ]
                }
              },
              {
                "weight": 1,
                "add": {
                  "component_groups": [
                    "twilightforest:spawn_2"
                  ]
                }
              }
            ]
          }
        ]
      },
      "minecraft:slime_large": {
        "remove": {
        },
        "add": {
          "component_groups": [
            "minecraft:slime_large",
            "minecraft:slime_calm"
          ]
        }
      },
      "minecraft:slime_medium": {
        "remove": {
        },
        "add": {
          "component_groups": [
            "minecraft:slime_medium",
            "minecraft:slime_calm"
          ]
        }
      },
      "minecraft:slime_small": {
        "remove": {
        },
        "add": {
          "component_groups": [
            "minecraft:slime_small",
            "minecraft:slime_calm"
          ]
        }
      },
      "minecraft:become_calm": {
        "add": {
          "component_groups": [
            "minecraft:slime_calm"
          ]
        }
      },
      "minecraft:become_aggressive": {
        "add": {
          "component_groups": [
            "minecraft:slime_aggressive"
          ]
        }
      }
    }
  }
}