{
  "format_version": "1.16.100",
  "minecraft:item": {
    "description": {
      "identifier": "twilightforest:steeleaf_boots"
    },
    "components": {
      "minecraft:creative_category": {
        "category": "equipment",
        "group": "itemGroup.name.boots"
      },
      "minecraft:display_name": {
        "value": "item.twilightforest.steeleaf_boots"
      },
      "minecraft:icon": {
        "texture": "steeleaf_boots"
      },
      "minecraft:max_stack_size": 1,
      "minecraft:enchantable": {
        "value": 10,
        "slot": "armor_feet"
      },
      "minecraft:durability": {
        "max_durability": 130,
        "damage_chance": {
          "min": 60,
          "max": 100
        }
      },
      "minecraft:repairable": {
        "repair_items": [
          {
            "items": [
              "twilightforest:steeleaf"
            ],
            "repair_amount": "math.floor(query.max_durability * 0.25)"
          },
          {
            "items": [
              "twilightforest:steeleaf_boots"
            ],
              "repair_amount": "context.other->query.remaining_durability + math.floor(query.max_durability * 0.05)"
          }
        ]
      },
      "minecraft:armor": {
        "protection": 3
      },
      "minecraft:foil": true,
      "minecraft:wearable": {
        "slot": "slot.armor.feet"
      }
    },
    "events": {
      "twilightforest:on_hurt_entity": {
        "sequence": [
          {
            "damage": {
              "amount": 2,
              "type": "none"
            }
          }
        ]
      },
      "on_tool_used": {
        "sequence": [
          {
            "damage": {
              "amount": 1,
              "target": "self",
              "type": "none"
            },
            "swing": {}
          }
        ]
      }
    }
  }
}