{
  "format_version": "1.16.100",
  "minecraft:item": {
    "description": {
      "identifier": "twilightforest:steeleaf_shovel"
    },
    "components": {
      "minecraft:creative_category": {
        "category": "equipment",
        "group": "itemGroup.name.shovel"
      },
      "minecraft:display_name": {
        "value": "item.twilightforest.steeleaf_shovel"
      },
      "minecraft:icon": {
        "texture": "steeleaf_shovel"
      },
      "minecraft:max_stack_size": 1,
      "minecraft:hand_equipped": true,
      "minecraft:durability": {
        "max_durability": 131
      },
      "minecraft:repairable": {
        "repair_items": [
          {
            "items": [
              "twilightforest:steeleaf"
            ],
            "repair_amount": "math.floor(query.max_durability * 0.25)"
          },
          {
            "items": [
              "twilightforest:steeleaf_shovel"
            ],
              "repair_amount": "context.other->query.remaining_durability + math.floor(query.max_durability * 0.05)"
          }
        ]
      },
      "minecraft:mining_speed": 1,
      "minecraft:weapon": {
        "on_hurt_entity": {
          "event": "twilightforest:on_hurt_entity",
          "target": "self"
        }
      },
      "minecraft:damage": 4,
      "minecraft:foil": true,
      "minecraft:enchantable": {
        "value": 10,
        "slot": "shovel"
      },
      "minecraft:use_on": {
        "blocks": [
          "minecraft:grass",
          "minecraft:snow",
          "minecraft:snow_layer"
        ]
      },
      "minecraft:digger": {
        "use_efficiency": true,
        "destroy_speeds": [
          {
            "block": {
              "tags": "q.any_tag('dirt', 'sand', 'gravel', 'grass', 'snow')"
            },
            "speed": 8,
            "on_dig": {
              "event": "twilightforest:on_dig",
              "target": "self"
            }
          }
        ],
        "on_dig": {
          "event": "twilightforest:on_dig",
          "target": "self"
        }
      },
      "tag:minecraft:is_shovel": {}
    },
    "events": {
      "twilightforest:on_hurt_entity": {
        "sequence": [
          {
            "damage": {
              "amount": 2,
              "type": "durability"
            }
          }
        ]
      },
      "twilightforest:on_dig": {
        "sequence": [
          {
            "damage": {
              "amount": 1,
              "type": "durability"
            }
          }
        ]
      },
      "on_tool_used": {
        "sequence": [
          {
            "damage": {
              "amount": 1,
              "target": "self",
              "type": "durability"
            },
            "swing": {}
          }
        ]
      }
    }
  }
}