{
  "format_version": "1.16.100",
  "minecraft:block": {
    "description": {
      "identifier": "twilightforest:deadrock_cracked"
    },
    "components": {
      "minecraft:creative_category": {
        "category": "nature",
        "group": "itemGroup.name.stone"
      },
      "minecraft:unit_cube": {},
      "minecraft:material_instances": {
        "*": {
          "texture": "deadrock_cracked",
          "render_method": "alpha_test"
        }
      },
      "minecraft:destroy_time": 7.5,
      "minecraft:block_light_absorption": 15,
      "minecraft:block_light_emission": 0,
      "minecraft:explosion_resistance": 6,
      "tag:stone": {}
    }
  }
}