{
	"format_version" : "1.8.0",
	"animations" : {
		"animation.quest_ram.wool" : {
			"loop" : true,
			"bones" : {
        "behind": {
          "position": [0, 0, /*"query.skin_id * 2"*/ 0]
        }
			}
    },
    "animation.quest_ram.move" : {
			"loop" : true,
			"bones" : {
        "leg1": { "rotation": [ "variable.general0 * 1.325", 0.0, 0.0 ] },
        "leg2": { "rotation": [ "variable.general1 * 1.325", 0.0, 0.0 ] },
        "leg3": { "rotation": [ "variable.general1 * 1.325", 0.0, 0.0 ] },
        "leg4": { "rotation": [ "variable.general0 * 1.325", 0.0, 0.0 ] }
			}
		}
	}
}
