{
	"format_version" : "1.8.0",
	"animations" : {
		"animation.ur_ghast.move" : {
			"loop" : true,
			"bones" : {
				"tentacles_0" : {
					"rotation" : [ "math.sin(query.life_time * 90) * 12 + 6", 0, 0 ]
        },
        "tentacles_1" : {
					"rotation" : [ "math.sin(query.life_time * 90) * 12 + 6", 0, 0 ]
				},
        "tentacles_2" : {
					"rotation" : [ "math.sin(query.life_time * 90) * 12 + 6", 0, 0 ]
				},
        "tentacles_3" : {
					"rotation" : [ "math.sin(query.life_time * 90) * 12 + 6", 0, 0 ]
				},
        "tentacles_4" : {
					"rotation" : [ "math.sin(query.life_time * 90) * 12 + 6", 0, 0 ]
				},
        "tentacles_5" : {
					"rotation" : [ "math.sin(query.life_time * 90) * 12 + 6", 0, 0 ]
				},
        "tentacles_6" : {
					"rotation" : [ "math.sin(query.life_time * 90) * 12 + 6", 0, 0 ]
				},
        "tentacles_7" : {
					"rotation" : [ "math.sin(query.life_time * 90) * 12 + 6", 0, 0 ]
				},
        "tentacles_8" : {
					"rotation" : [ "math.sin(query.life_time * 90) * 12 + 6", 0, 0 ]
        },
        "subTentacles_0_0" : {
          "rotation" : [ "math.sin(query.life_time * 90) * 12 + 6", 0, 0 ]
        },
        "subTentacles_0_1" : {
          "rotation" : [ "math.sin(query.life_time * 90) * 12 + 6", 0, 0 ]
        },
        "subTentacles_0_2" : {
          "rotation" : [ "math.sin(query.life_time * 90) * 12 + 6", 0, 0 ]
        },
        "subTentacles_1_0" : {
          "rotation" : [ "math.sin(query.life_time * 90) * 12 + 6", 0, 0 ]
        },
        "subTentacles_1_1" : {
          "rotation" : [ "math.sin(query.life_time * 90) * 12 + 6", 0, 0 ]
        },
        "subTentacles_1_2" : {
          "rotation" : [ "math.sin(query.life_time * 90) * 12 + 6", 0, 0 ]
        },
        "subTentacles_2_0" : {
          "rotation" : [ "math.sin(query.life_time * 90) * 12 + 6", 0, 0 ]
        },
        "subTentacles_2_1" : {
          "rotation" : [ "math.sin(query.life_time * 90) * 12 + 6", 0, 0 ]
        },
        "subTentacles_2_2" : {
          "rotation" : [ "math.sin(query.life_time * 90) * 12 + 6", 0, 0 ]
        },
        "subTentacles_3_0" : {
          "rotation" : [ "math.sin(query.life_time * 90) * 12 + 6", 0, 0 ]
        },
        "subTentacles_3_1" : {
          "rotation" : [ "math.sin(query.life_time * 90) * 12 + 6", 0, 0 ]
        },
        "subTentacles_3_2" : {
          "rotation" : [ "math.sin(query.life_time * 90) * 12 + 6", 0, 0 ]
        },
        "subTentacles_4_0" : {
          "rotation" : [ "math.sin(query.life_time * 90) * 12 + 6", 0, 0 ]
        },
        "subTentacles_4_1" : {
          "rotation" : [ "math.sin(query.life_time * 90) * 12 + 6", 0, 0 ]
        },
        "subTentacles_4_2" : {
          "rotation" : [ "math.sin(query.life_time * 90) * 12 + 6", 0, 0 ]
        },
        "subTentacles_5_0" : {
          "rotation" : [ "math.sin(query.life_time * 90) * 12 + 6", 0, 0 ]
        },
        "subTentacles_5_1" : {
          "rotation" : [ "math.sin(query.life_time * 90) * 12 + 6", 0, 0 ]
        },
        "subTentacles_5_2" : {
          "rotation" : [ "math.sin(query.life_time * 90) * 12 + 6", 0, 0 ]
        },
        "subTentacles_6_0" : {
          "rotation" : [ "math.sin(query.life_time * 90) * 12 + 6", 0, 0 ]
        },
        "subTentacles_6_1" : {
          "rotation" : [ "math.sin(query.life_time * 90) * 12 + 6", 0, 0 ]
        },
        "subTentacles_6_2" : {
          "rotation" : [ "math.sin(query.life_time * 90) * 12 + 6", 0, 0 ]
        },
        "subTentacles_7_0" : {
          "rotation" : [ "math.sin(query.life_time * 90) * 12 + 6", 0, 0 ]
        },
        "subTentacles_7_1" : {
          "rotation" : [ "math.sin(query.life_time * 90) * 12 + 6", 0, 0 ]
        },
        "subTentacles_7_2" : {
          "rotation" : [ "math.sin(query.life_time * 90) * 12 + 6", 0, 0 ]
        },
        "subTentacles_8_0" : {
          "rotation" : [ "math.sin(query.life_time * 90) * 12 + 6", 0, 0 ]
        },
        "subTentacles_8_1" : {
          "rotation" : [ "math.sin(query.life_time * 90) * 12 + 6", 0, 0 ]
        },
        "subTentacles_8_2" : {
          "rotation" : [ "math.sin(query.life_time * 90) * 12 + 6", 0, 0 ]
        }
			}
    }
	}
}
