{
  "format_version": "1.10.0",
  "minecraft:attachable": {
    "description": {
      "identifier": "twilightforest:trophy.quest_ram.player",
      "item": {
        "twilightforest:trophy.quest_ram": "query.owner_identifier == 'minecraft:player'"
      },
      "materials": {
        "default": "armor",
        "enchanted": "armor_enchanted"
      },
      "textures": {
        "default": "textures/blocks/trophy/quest_ram",
        "enchanted": "textures/misc/enchanted_item_glint"
      },
      "geometry": {
        "default": "geometry.twilightforest.trophy.quest_ram"
      },
      "scripts": {
        "parent_setup": "variable.helmet_layer_visible = 0.0;"
      },
      "render_controllers": [
        "controller.render.armor"
      ]
    }
  }
}
