{
	"format_version": "1.12.0",
	"minecraft:geometry": [
		{
			"description": {
				"identifier": "geometry.block.twilightforest.firefly_jar",
				"texture_width": 16,
				"texture_height": 16
			},
			"bones": [
				{
					"name": "block",
					"pivot": [0, 0, 0],
					"cubes": [
						{
							"origin": [-4, 12, -4],
							"size": [8, 2, 8],
							"uv": {
								"north": {"uv": [4, 2], "uv_size": [8, 2],"material_instance": "cork"},
								"east": {"uv": [4, 2], "uv_size": [8, 2],"material_instance": "cork"},
								"south": {"uv": [4, 2], "uv_size": [8, 2],"material_instance": "cork"},
								"west": {"uv": [4, 2], "uv_size": [8, 2],"material_instance": "cork"},
								"up": {"uv": [4, 4], "uv_size": [8, 8],"material_instance": "cork"},
								"down": {"uv": [4, 12], "uv_size": [8, -8],"material_instance": "cork"}
							}
						},
						{
							"origin": [-5, 0, -5],
							"size": [10, 14, 10],
							"uv": {
								"north": {"uv": [3, 2], "uv_size": [10, 14]},
								"east": {"uv": [3, 2], "uv_size": [10, 14]},
								"south": {"uv": [3, 2], "uv_size": [10, 14]},
								"west": {"uv": [3, 2], "uv_size": [10, 14]},
								"up": {"uv": [3, 3], "uv_size": [10, 10],"material_instance": "top"},
								"down": {"uv": [3, 13], "uv_size": [10, -10],"material_instance": "top"}
							}
						},
						{
							"origin": [-4, 14, -4],
							"size": [8, 2, 8],
							"uv": {
								"north": {"uv": [4, 0], "uv_size": [8, 2],"material_instance": "cork"},
								"east": {"uv": [4, 0], "uv_size": [8, 2],"material_instance": "cork"},
								"south": {"uv": [4, 0], "uv_size": [8, 2],"material_instance": "cork"},
								"west": {"uv": [4, 0], "uv_size": [8, 2],"material_instance": "cork"},
								"up": {"uv": [12, 12], "uv_size": [-8, -8],"material_instance": "cork"},
								"down": {"uv": [12, 12], "uv_size": [-8, -8],"material_instance": "cork"}
							}
						}
					]
				}
			]
		}
	]
}