{
	"format_version": "1.12.0",
	"minecraft:geometry": [
		{
			"description": {
				"identifier": "geometry.block.twilightforest.knightmetal_block",
				"texture_width": 16,
				"texture_height": 16
			},
			"bones": [
				{
					"name": "block",
					"pivot": [0, 0, 0],
					"cubes": [
						{
							"origin": [-7, 1, -7],
							"size": [14, 14, 14],
							"uv": {
								"north": {"uv": [1, 1], "uv_size": [14, 14]},
								"east": {"uv": [1, 1], "uv_size": [14, 14]},
								"south": {"uv": [1, 1], "uv_size": [14, 14]},
								"west": {"uv": [1, 1], "uv_size": [14, 14]},
								"up": {"uv": [1, 1], "uv_size": [14, 14]},
								"down": {"uv": [1, 15], "uv_size": [14, -14]}
							}
						}
					]
				},
				{
					"name": "out",
					"parent": "block",
					"pivot": [0, 0, 0],
					"cubes": [
						{
							"origin": [-8, 12, -8],
							"size": [4, 4, 4],
							"uv": {
								"north": {"uv": [6, 6], "uv_size": [4, 4]},
								"east": {"uv": [6, 6], "uv_size": [4, 4]},
								"south": {"uv": [6, 6], "uv_size": [4, 4]},
								"west": {"uv": [6, 6], "uv_size": [4, 4]},
								"up": {"uv": [6, 6], "uv_size": [4, 4]},
								"down": {"uv": [6, 10], "uv_size": [4, -4]}
							}
						},
						{
							"origin": [4, 12, -8],
							"size": [4, 4, 4],
							"uv": {
								"north": {"uv": [6, 6], "uv_size": [4, 4]},
								"east": {"uv": [6, 6], "uv_size": [4, 4]},
								"south": {"uv": [6, 6], "uv_size": [4, 4]},
								"west": {"uv": [6, 6], "uv_size": [4, 4]},
								"up": {"uv": [6, 6], "uv_size": [4, 4]},
								"down": {"uv": [6, 10], "uv_size": [4, -4]}
							}
						},
						{
							"origin": [-2, 12, -8],
							"size": [4, 4, 4],
							"uv": {
								"north": {"uv": [6, 6], "uv_size": [4, 4]},
								"east": {"uv": [6, 6], "uv_size": [4, 4]},
								"south": {"uv": [6, 6], "uv_size": [4, 4]},
								"west": {"uv": [6, 6], "uv_size": [4, 4]},
								"up": {"uv": [6, 6], "uv_size": [4, 4]},
								"down": {"uv": [6, 10], "uv_size": [4, -4]}
							}
						},
						{
							"origin": [-8, 6, -8],
							"size": [4, 4, 4],
							"uv": {
								"north": {"uv": [6, 6], "uv_size": [4, 4]},
								"east": {"uv": [6, 6], "uv_size": [4, 4]},
								"south": {"uv": [6, 6], "uv_size": [4, 4]},
								"west": {"uv": [6, 6], "uv_size": [4, 4]},
								"up": {"uv": [6, 6], "uv_size": [4, 4]},
								"down": {"uv": [6, 10], "uv_size": [4, -4]}
							}
						},
						{
							"origin": [4, 6, -8],
							"size": [4, 4, 4],
							"uv": {
								"north": {"uv": [6, 6], "uv_size": [4, 4]},
								"east": {"uv": [6, 6], "uv_size": [4, 4]},
								"south": {"uv": [6, 6], "uv_size": [4, 4]},
								"west": {"uv": [6, 6], "uv_size": [4, 4]},
								"up": {"uv": [6, 6], "uv_size": [4, 4]},
								"down": {"uv": [6, 10], "uv_size": [4, -4]}
							}
						},
						{
							"origin": [-2, 6, -8],
							"size": [4, 4, 4],
							"uv": {
								"north": {"uv": [6, 6], "uv_size": [4, 4]},
								"east": {"uv": [6, 6], "uv_size": [4, 4]},
								"south": {"uv": [6, 6], "uv_size": [4, 4]},
								"west": {"uv": [6, 6], "uv_size": [4, 4]},
								"up": {"uv": [6, 6], "uv_size": [4, 4]},
								"down": {"uv": [6, 10], "uv_size": [4, -4]}
							}
						},
						{
							"origin": [-8, 0, -8],
							"size": [4, 4, 4],
							"uv": {
								"north": {"uv": [6, 6], "uv_size": [4, 4]},
								"east": {"uv": [6, 6], "uv_size": [4, 4]},
								"south": {"uv": [6, 6], "uv_size": [4, 4]},
								"west": {"uv": [6, 6], "uv_size": [4, 4]},
								"up": {"uv": [6, 6], "uv_size": [4, 4]},
								"down": {"uv": [6, 10], "uv_size": [4, -4]}
							}
						},
						{
							"origin": [4, 0, -8],
							"size": [4, 4, 4],
							"uv": {
								"north": {"uv": [6, 6], "uv_size": [4, 4]},
								"east": {"uv": [6, 6], "uv_size": [4, 4]},
								"south": {"uv": [6, 6], "uv_size": [4, 4]},
								"west": {"uv": [6, 6], "uv_size": [4, 4]},
								"up": {"uv": [6, 6], "uv_size": [4, 4]},
								"down": {"uv": [6, 10], "uv_size": [4, -4]}
							}
						},
						{
							"origin": [-2, 0, -8],
							"size": [4, 4, 4],
							"uv": {
								"north": {"uv": [6, 6], "uv_size": [4, 4]},
								"east": {"uv": [6, 6], "uv_size": [4, 4]},
								"south": {"uv": [6, 6], "uv_size": [4, 4]},
								"west": {"uv": [6, 6], "uv_size": [4, 4]},
								"up": {"uv": [6, 6], "uv_size": [4, 4]},
								"down": {"uv": [6, 10], "uv_size": [4, -4]}
							}
						},
						{
							"origin": [-8, 12, -2],
							"size": [4, 4, 4],
							"uv": {
								"north": {"uv": [6, 6], "uv_size": [4, 4]},
								"east": {"uv": [6, 6], "uv_size": [4, 4]},
								"south": {"uv": [6, 6], "uv_size": [4, 4]},
								"west": {"uv": [6, 6], "uv_size": [4, 4]},
								"up": {"uv": [6, 6], "uv_size": [4, 4]},
								"down": {"uv": [6, 10], "uv_size": [4, -4]}
							}
						},
						{
							"origin": [4, 12, -2],
							"size": [4, 4, 4],
							"uv": {
								"north": {"uv": [6, 6], "uv_size": [4, 4]},
								"east": {"uv": [6, 6], "uv_size": [4, 4]},
								"south": {"uv": [6, 6], "uv_size": [4, 4]},
								"west": {"uv": [6, 6], "uv_size": [4, 4]},
								"up": {"uv": [6, 6], "uv_size": [4, 4]},
								"down": {"uv": [6, 10], "uv_size": [4, -4]}
							}
						},
						{
							"origin": [-2, 12, -2],
							"size": [4, 4, 4],
							"uv": {
								"north": {"uv": [6, 6], "uv_size": [4, 4]},
								"east": {"uv": [6, 6], "uv_size": [4, 4]},
								"south": {"uv": [6, 6], "uv_size": [4, 4]},
								"west": {"uv": [6, 6], "uv_size": [4, 4]},
								"up": {"uv": [6, 6], "uv_size": [4, 4]},
								"down": {"uv": [6, 10], "uv_size": [4, -4]}
							}
						},
						{
							"origin": [-8, 12, 4],
							"size": [4, 4, 4],
							"uv": {
								"north": {"uv": [6, 6], "uv_size": [4, 4]},
								"east": {"uv": [6, 6], "uv_size": [4, 4]},
								"south": {"uv": [6, 6], "uv_size": [4, 4]},
								"west": {"uv": [6, 6], "uv_size": [4, 4]},
								"up": {"uv": [6, 6], "uv_size": [4, 4]},
								"down": {"uv": [6, 10], "uv_size": [4, -4]}
							}
						},
						{
							"origin": [4, 12, 4],
							"size": [4, 4, 4],
							"uv": {
								"north": {"uv": [6, 6], "uv_size": [4, 4]},
								"east": {"uv": [6, 6], "uv_size": [4, 4]},
								"south": {"uv": [6, 6], "uv_size": [4, 4]},
								"west": {"uv": [6, 6], "uv_size": [4, 4]},
								"up": {"uv": [6, 6], "uv_size": [4, 4]},
								"down": {"uv": [6, 10], "uv_size": [4, -4]}
							}
						},
						{
							"origin": [-2, 12, 4],
							"size": [4, 4, 4],
							"uv": {
								"north": {"uv": [6, 6], "uv_size": [4, 4]},
								"east": {"uv": [6, 6], "uv_size": [4, 4]},
								"south": {"uv": [6, 6], "uv_size": [4, 4]},
								"west": {"uv": [6, 6], "uv_size": [4, 4]},
								"up": {"uv": [6, 6], "uv_size": [4, 4]},
								"down": {"uv": [6, 10], "uv_size": [4, -4]}
							}
						},
						{
							"origin": [-8, 6, -2],
							"size": [4, 4, 4],
							"uv": {
								"north": {"uv": [6, 6], "uv_size": [4, 4]},
								"east": {"uv": [6, 6], "uv_size": [4, 4]},
								"south": {"uv": [6, 6], "uv_size": [4, 4]},
								"west": {"uv": [6, 6], "uv_size": [4, 4]},
								"up": {"uv": [6, 6], "uv_size": [4, 4]},
								"down": {"uv": [6, 10], "uv_size": [4, -4]}
							}
						},
						{
							"origin": [4, 6, -2],
							"size": [4, 4, 4],
							"uv": {
								"north": {"uv": [6, 6], "uv_size": [4, 4]},
								"east": {"uv": [6, 6], "uv_size": [4, 4]},
								"south": {"uv": [6, 6], "uv_size": [4, 4]},
								"west": {"uv": [6, 6], "uv_size": [4, 4]},
								"up": {"uv": [6, 6], "uv_size": [4, 4]},
								"down": {"uv": [6, 10], "uv_size": [4, -4]}
							}
						},
						{
							"origin": [-2, 6, -2],
							"size": [4, 4, 4],
							"uv": {
								"north": {"uv": [6, 6], "uv_size": [4, 4]},
								"east": {"uv": [6, 6], "uv_size": [4, 4]},
								"south": {"uv": [6, 6], "uv_size": [4, 4]},
								"west": {"uv": [6, 6], "uv_size": [4, 4]},
								"up": {"uv": [6, 6], "uv_size": [4, 4]},
								"down": {"uv": [6, 10], "uv_size": [4, -4]}
							}
						},
						{
							"origin": [-8, 0, -2],
							"size": [4, 4, 4],
							"uv": {
								"north": {"uv": [6, 6], "uv_size": [4, 4]},
								"east": {"uv": [6, 6], "uv_size": [4, 4]},
								"south": {"uv": [6, 6], "uv_size": [4, 4]},
								"west": {"uv": [6, 6], "uv_size": [4, 4]},
								"up": {"uv": [6, 6], "uv_size": [4, 4]},
								"down": {"uv": [6, 10], "uv_size": [4, -4]}
							}
						},
						{
							"origin": [4, 0, -2],
							"size": [4, 4, 4],
							"uv": {
								"north": {"uv": [6, 6], "uv_size": [4, 4]},
								"east": {"uv": [6, 6], "uv_size": [4, 4]},
								"south": {"uv": [6, 6], "uv_size": [4, 4]},
								"west": {"uv": [6, 6], "uv_size": [4, 4]},
								"up": {"uv": [6, 6], "uv_size": [4, 4]},
								"down": {"uv": [6, 10], "uv_size": [4, -4]}
							}
						},
						{
							"origin": [-2, 0, -2],
							"size": [4, 4, 4],
							"uv": {
								"north": {"uv": [6, 6], "uv_size": [4, 4]},
								"east": {"uv": [6, 6], "uv_size": [4, 4]},
								"south": {"uv": [6, 6], "uv_size": [4, 4]},
								"west": {"uv": [6, 6], "uv_size": [4, 4]},
								"up": {"uv": [6, 6], "uv_size": [4, 4]},
								"down": {"uv": [6, 10], "uv_size": [4, -4]}
							}
						},
						{
							"origin": [-8, 6, 4],
							"size": [4, 4, 4],
							"uv": {
								"north": {"uv": [6, 6], "uv_size": [4, 4]},
								"east": {"uv": [6, 6], "uv_size": [4, 4]},
								"south": {"uv": [6, 6], "uv_size": [4, 4]},
								"west": {"uv": [6, 6], "uv_size": [4, 4]},
								"up": {"uv": [6, 6], "uv_size": [4, 4]},
								"down": {"uv": [6, 10], "uv_size": [4, -4]}
							}
						},
						{
							"origin": [4, 6, 4],
							"size": [4, 4, 4],
							"uv": {
								"north": {"uv": [6, 6], "uv_size": [4, 4]},
								"east": {"uv": [6, 6], "uv_size": [4, 4]},
								"south": {"uv": [6, 6], "uv_size": [4, 4]},
								"west": {"uv": [6, 6], "uv_size": [4, 4]},
								"up": {"uv": [6, 6], "uv_size": [4, 4]},
								"down": {"uv": [6, 10], "uv_size": [4, -4]}
							}
						},
						{
							"origin": [-2, 6, 4],
							"size": [4, 4, 4],
							"uv": {
								"north": {"uv": [6, 6], "uv_size": [4, 4]},
								"east": {"uv": [6, 6], "uv_size": [4, 4]},
								"south": {"uv": [6, 6], "uv_size": [4, 4]},
								"west": {"uv": [6, 6], "uv_size": [4, 4]},
								"up": {"uv": [6, 6], "uv_size": [4, 4]},
								"down": {"uv": [6, 10], "uv_size": [4, -4]}
							}
						},
						{
							"origin": [-8, 0, 4],
							"size": [4, 4, 4],
							"uv": {
								"north": {"uv": [6, 6], "uv_size": [4, 4]},
								"east": {"uv": [6, 6], "uv_size": [4, 4]},
								"south": {"uv": [6, 6], "uv_size": [4, 4]},
								"west": {"uv": [6, 6], "uv_size": [4, 4]},
								"up": {"uv": [6, 6], "uv_size": [4, 4]},
								"down": {"uv": [6, 10], "uv_size": [4, -4]}
							}
						},
						{
							"origin": [4, 0, 4],
							"size": [4, 4, 4],
							"uv": {
								"north": {"uv": [6, 6], "uv_size": [4, 4]},
								"east": {"uv": [6, 6], "uv_size": [4, 4]},
								"south": {"uv": [6, 6], "uv_size": [4, 4]},
								"west": {"uv": [6, 6], "uv_size": [4, 4]},
								"up": {"uv": [6, 6], "uv_size": [4, 4]},
								"down": {"uv": [6, 10], "uv_size": [4, -4]}
							}
						},
						{
							"origin": [-2, 0, 4],
							"size": [4, 4, 4],
							"uv": {
								"north": {"uv": [6, 6], "uv_size": [4, 4]},
								"east": {"uv": [6, 6], "uv_size": [4, 4]},
								"south": {"uv": [6, 6], "uv_size": [4, 4]},
								"west": {"uv": [6, 6], "uv_size": [4, 4]},
								"up": {"uv": [6, 6], "uv_size": [4, 4]},
								"down": {"uv": [6, 10], "uv_size": [4, -4]}
							}
						}
					]
				}
			]
		}
	]
}