{
	"format_version": "1.12.0",
	"minecraft:geometry": [
		{
			"description": {
				"identifier": "geometry.plants",
				"texture_width": 16,
				"texture_height": 16
			},
			"bones": [
				{
					"name": "block",
					"pivot": [0, 0, 0],
					"cubes": [
						{
							"origin": [-8, 0, 0],
							"size": [8, 16, 0],
							"pivot": [0, 0, 0],
							"rotation": [0, -45, 0],
							"uv": {
								"north": {"uv": [0, 0], "uv_size": [8, 16]},
								"east": {"uv": [0, 0], "uv_size": [0, 16]},
								"south": {"uv": [8, 0], "uv_size": [8, 16]},
								"west": {"uv": [8, 0], "uv_size": [0, 16]},
								"up": {"uv": [0, 0], "uv_size": [8, 0]},
								"down": {"uv": [8, 0], "uv_size": [8, 0]}
							}
						},
						{
							"origin": [-8, 0, 0],
							"size": [8, 16, 0],
							"pivot": [0, 0, 0],
							"rotation": [0, 45, 0],
							"uv": {
								"north": {"uv": [0, 0], "uv_size": [8, 16]},
								"east": {"uv": [0, 0], "uv_size": [0, 16]},
								"south": {"uv": [8, 0], "uv_size": [8, 16]},
								"west": {"uv": [0, 0], "uv_size": [0, 16]},
								"up": {"uv": [8, 0], "uv_size": [-8, 0]},
								"down": {"uv": [8, 0], "uv_size": [-8, 0]}
							}
						},
						{
							"origin": [-8, 0, 0],
							"size": [8, 16, 0],
							"pivot": [0, 0, 0],
							"rotation": [0, -135, 0],
							"uv": {
								"north": {"uv": [0, 0], "uv_size": [8, 16]},
								"east": {"uv": [0, 0], "uv_size": [8, 16]},
								"south": {"uv": [8, 0], "uv_size": [8, 16]},
								"west": {"uv": [8, 0], "uv_size": [8, 16]},
								"up": {"uv": [0, 8], "uv_size": [0, -8]},
								"down": {"uv": [0, 8], "uv_size": [0, -8]}
							}
						},
						{
							"origin": [-8, 0, 0],
							"size": [8, 16, 0],
							"pivot": [0, 0, 0],
							"rotation": [0, 135, 0],
							"uv": {
								"north": {"uv": [0, 0], "uv_size": [8, 16]},
								"east": {"uv": [0, 0], "uv_size": [0, 16]},
								"south": {"uv": [8, 0], "uv_size": [8, 16]},
								"west": {"uv": [0, 0], "uv_size": [0, 16]},
								"up": {"uv": [8, 0], "uv_size": [-8, 0]},
								"down": {"uv": [8, 0], "uv_size": [-8, 0]}
							}
						}
					]
				}
			]
		}
	]
}