{
	"format_version": "1.12.0",
	"minecraft:geometry": [
    {
			"description": {
				"identifier": "geometry.twilightforest.reappearing_block",
				"texture_width": 16,
				"texture_height": 16
			},
			"bones": [
				{
					"name": "block",
					"pivot": [0, 0, 0],
					"cubes": [
						{
							"origin": [-8, 0, -8],
							"size": [16, 16, 16],
							"uv": {
								"north": {"uv": [0, 0], "uv_size": [16, 16], "material_instance": "north"},
								"east": {"uv": [0, 0], "uv_size": [16, 16], "material_instance": "east"},
								"south": {"uv": [0, 0], "uv_size": [16, 16], "material_instance": "south"},
								"west": {"uv": [0, 0], "uv_size": [16, 16], "material_instance": "west"},
								"up": {"uv": [0, 0], "uv_size": [16, 16], "material_instance": "up"},
								"down": {"uv": [0, 0], "uv_size": [16, 16], "material_instance": "down"}
							}
						}
					]
				}
			]
		},
		{
			"description": {
				"identifier": "geometry.twilightforest.reappearing_block.vanished",
				"texture_width": 4,
				"texture_height": 4
			},
			"bones": [
				{
					"name": "block",
					"pivot": [0, 0, 0],
					"cubes": [
						{
							"origin": [-2, 6, -2],
							"size": [4, 4, 4],
							"uv": {
								"north": {"uv": [0, 0], "uv_size": [4, 4], "material_instance": "north"},
								"east": {"uv": [0, 0], "uv_size": [4, 4], "material_instance": "east"},
								"south": {"uv": [0, 0], "uv_size": [4, 4], "material_instance": "south"},
								"west": {"uv": [0, 0], "uv_size": [4, 4], "material_instance": "west"},
								"up": {"uv": [0, 0], "uv_size": [4, 4], "material_instance": "up"},
								"down": {"uv": [0, 0], "uv_size": [4, 4], "material_instance": "down"}
							}
						}
					]
				}
			]
		}
	]
}