{
	"format_version": "1.12.0",
	"minecraft:geometry": [
		{
			"description": {
				"identifier": "geometry.twilightforest.block.trophy_quest_ram",
				"texture_width": 102,
				"texture_height": 34
			},
			"bones": [
				{
					"name": "block",
					"pivot": [0, 0, 0],
					"cubes": [
						{"origin": [-6, 0, -7.5], "size": [12, 9, 15], "uv": [0, 0]}
					]
				},
				{
					"name": "nose",
					"parent": "block",
					"pivot": [0, 11.5, 6.5],
					"rotation": [30, 0, 0],
					"cubes": [
						{"origin": [-5.5, 7.5, -6.5], "size": [11, 9, 12], "uv": [54, 3]}
					]
				},
				{
					"name": "horn1",
					"parent": "block",
					"pivot": [0, 0, 0],
					"cubes": [
						{"origin": [-9, 10.5, 2.5], "size": [4, 4, 6], "uv": [0, 24]},
						{"origin": [-10, 9.5, 7.5], "size": [3, 4, 4], "uv": [20, 26]},
						{"origin": [-11, 5.5, 9.5], "size": [3, 6, 3], "uv": [34, 25]},
						{"origin": [-12.5, 4.5, 7.5], "size": [3, 3, 3], "uv": [46, 28]},
						{"origin": [-14, 2.5, 2.5], "size": [3, 3, 6], "uv": [58, 25]},
						{"origin": [-15, 3.5, 0.5], "size": [3, 6, 3], "uv": [76, 25]},
						{"origin": [-16, 8.5, 2.5], "size": [3, 3, 4], "uv": [88, 27]}
					]
				},
				{
					"name": "horn2",
					"parent": "block",
					"pivot": [0, 0, 0],
					"cubes": [
						{"origin": [5, 10.5, 2.5], "size": [4, 4, 6], "uv": [0, 24]},
						{"origin": [7, 9.5, 7.5], "size": [3, 4, 4], "uv": [20, 26]},
						{"origin": [8, 5.5, 9.5], "size": [3, 6, 3], "uv": [34, 25]},
						{"origin": [9.5, 4.5, 7.5], "size": [3, 3, 3], "uv": [46, 28]},
						{"origin": [11, 2.5, 2.5], "size": [3, 3, 6], "uv": [58, 25]},
						{"origin": [12, 3.5, 0.5], "size": [3, 6, 3], "uv": [76, 25]},
						{"origin": [13, 8.5, 2.5], "size": [3, 3, 4], "uv": [88, 27]}
					]
				}
			]
		},
		{
			"description": {
				"identifier": "geometry.twilightforest.block.trophy_lich",
				"texture_width": 64,
				"texture_height": 64
			},
			"bones": [
				{
					"name": "block",
					"pivot": [0, 0, 0],
					"cubes": [
						{"origin": [-4, 0, -4], "size": [8, 8, 8], "uv": [0, 0]},
						{"origin": [-4, 4, -4], "size": [8, 8, 8], "inflate": 0.5, "uv": [32, 0]}
					]
				}
			]
		},
		{
			"description": {
				"identifier": "geometry.twilightforest.block.trophy_lich.wall",
				"texture_width": 64,
				"texture_height": 64
			},
			"bones": [
				{
					"name": "block",
					"pivot": [0, 0, 0],
					"cubes": [
						{"origin": [-4, 4, 0], "size": [8, 8, 8], "uv": [0, 0]},
						{"origin": [-4, 8, 0], "size": [8, 8, 8], "inflate": 0.5, "uv": [32, 0]}
					]
				}
			]
		}
	]
}