{
  "format_version": "1.16.0",
  "minecraft:entity": {
    "description": {
      "identifier": "twilightforest:nature_bolt",
      "runtime_identifier": "minecraft:arrow",
      "is_spawnable": false,
      "is_summonable": true,
      "is_experimental": false
    },
    "components": {
      "minecraft:collision_box": {
        "width": 0.25,
        "height": 0.25
      },
      "minecraft:projectile": {
        "on_hit": {
          "impact_damage": {
            "damage": 2
          },
          "mob_effect": {
            "effect": "poison",
            "durationeasy": 125,
            "durationnormal": 125,
            "durationhard": 125,
            "amplifier": 0
          },
          "remove_on_hit": {}
        },
        "anchor": 1,
        "power": 1.5,
        "gravity": 0.03,
        "angle_offset": 0.0,
        "offset": [ 0, -0.1, 0 ]
      },
	    "minecraft:physics": {
      },
      "minecraft:pushable": {
        "is_pushable": true,
        "is_pushable_by_piston": true
      },
      "minecraft:conditional_bandwidth_optimization": {
        "default_values": {
          "max_optimized_distance": 100.0,
          "max_dropped_ticks": 5,
          "use_motion_prediction_hints": true
        }
      }
    }
  }
}
