{
"format_version": "1.8.0",
"animation_controllers": {
"controller.animation.wild_boar.general": {
"states": {
"default": {
"animations": [ { "general": [] } ]
}
}
},
"controller.animation.wild_boar.move": {
"states": {
"default": {
"parameters": [ "query.modified_move_speed" ],
"animations": [ { "move": [ { "0.0": 0.0, "1.0": 1.0 } ] } ]
}
}
},
"controller.animation.wild_boar.baby": {
"states": {
"baby": {
"parameters": [ "query.is_baby" ],
"animations": [ { "baby": [ { "0.0": 0.0, "1.0": 1.0 } ] } ]
}
}
}
//——销毁
}
}
