{
  "format_version": "1.16.100",
  "minecraft:item": {
    "description": {
      "identifier": "twilightforest:arctic_chestplate"
    },
    "components": {
      "minecraft:creative_category": {
        "category": "equipment",
        "group": "itemGroup.name.chestplate"
      },
      "minecraft:display_name": {
        "value": "item.twilightforest.arctic_chestplate"
      },
      "minecraft:icon": {
        "texture": "arctic_chestplate"
      },
      "minecraft:max_stack_size": 1,
      "minecraft:enchantable": {
        "value": 9,
        "slot": "armor_torso"
      },
      "minecraft:durability": {
        "max_durability": 160,
        "damage_chance": {
          "min": 60,
          "max": 100
        }
      },
      "minecraft:repairable": {
        "repair_items": [
          {
            "items": [
              "twilightforest:arctic_fur"
            ],
            "repair_amount": "math.floor(query.max_durability * 0.25)"
          },
          {
            "items": [
              "twilightforest:arctic_chestplate"
            ],
              "repair_amount": "context.other->query.remaining_durability + math.floor(query.max_durability * 0.05)"
          }
        ]
      },
      "minecraft:armor": {
        "protection": 7
      },
      "minecraft:wearable": {
        "slot": "slot.armor.chest"
      }
    }
  }
}