{
"format_version": "1.8.0",
"geometry.hydra": {
"visible_bounds_width": 1,
"visible_bounds_height": 1,
"visible_bounds_offset": [ 0, 0.5, 0 ],
"texturewidth": 512,
"textureheight": 256,
"bones": [
/*————————————————褶边部分————————————————*/
{
"name": "frill1",
"pivot": [ -25.0, 191.0, -105.0 ],
"rotation": [ -30.0, 0.0, 0.0 ],
"parent": "head1",
"cubes": [
{
//中间的褶边
"origin": [ -25.0, 191.0, -105.0 ],"size": [ 48, 48, 4 ],"uv": [ 272, 200 ]}
]
},
{
"name": "frill2",
"pivot": [ -142.0, 127.0, -105.0 ],
"rotation": [ -30.0, 0.0, 0.0 ],
"parent": "head2",
"cubes": [
{
//右边的褶边
"origin": [ -142.0, 127.0, -105.0 ],"size": [ 48, 48, 4 ],"uv": [ 272, 200 ]}
]
},
{
"name": "frill3",
"pivot": [ 92.3, 127.0, -105.0 ],
"rotation": [ -30.0, 0.0, 0.0 ],
"parent": "head3",
"cubes": [
{
//左边的褶边
"origin": [ 92.3, 127.0, -105.0 ],"size": [ 48, 48, 4 ],"uv": [ 272, 200 ]}
]
},
/*————————————————主头部分————————————————*/
{
"name": "head1",
"pivot": [ 0.0, 190.0, -117.0 ],
"cubes": [
{
//中间的头鳍
"origin": [ -2.5, 206.0, -103.0 ],"size": [ 4, 24, 24 ],"uv": [ 128, 200 ]},
{
//中间的头颅
"origin": [ -17.0, 190.0, -117.0 ],"size": [ 32, 24, 32 ],"uv": [ 272, 0 ]},
{
//中间的鼻子
"origin": [ -16.0, 190.0, -140.0 ],"size": [ 30, 12, 24 ],"uv": [ 272, 56 ]},
{
//中间的后巴
"origin": [ -16.0, 182.0, -104.0 ],"size": [ 30, 8, 16 ],"uv": [ 272, 132 ]}
]
},
{
"name": "head2",
"pivot": [ -134.0, 126.0, -117.0 ],
"cubes": [
{
//右边的头鳍
"origin": [ -119.5, 142.0, -103.0 ],"size": [ 4, 24, 24 ],"uv": [ 128, 200 ]},
{
//右边的头颅
"origin": [ -134.0, 126.0, -117.0 ],"size": [ 32, 24, 32 ],"uv": [ 272, 0 ]},
{
//右边的鼻子
"origin": [ -133.0, 126.0, -140.0 ],"size": [ 30, 12, 24 ],"uv": [ 272, 56 ]},
{
//右边的后巴
"origin": [ -133.0, 118.0, -104.0 ],"size": [ 30, 8, 16 ],"uv": [ 272, 132 ]}
]
},
{
"name": "head3",
"pivot": [ 99.0, 126.0, -117.0 ],
"cubes": [
{
//左边的头鳍
"origin": [ 114.5, 142.0, -103.0 ],"size": [ 4, 24, 24 ],"uv": [ 128, 200 ]},
{
//左边的头颅
"origin": [ 99.0, 126.0, -117.0 ],"size": [ 32, 24, 32 ],"uv": [ 272, 0 ]},
{
//左边的鼻子
"origin": [ 100.0, 126.0, -140.0 ],"size": [ 30, 12, 24 ],"uv": [ 272, 56 ]},
{
//左边的后巴
"origin": [ 100.0, 118.0, -104.0 ],"size": [ 30, 8, 16 ],"uv": [ 272, 132 ]}
]
},
/*————————————————下巴部分————————————————*/
{
"name": "jaw1",
"pivot": [ -15.0, 188.0, -104.0 ],
"parent": "head1",
"cubes": [
{
//中间的右牙
"origin": [ -11.0, 190.0, -135.0 ],"size": [ 2, 5, 2 ],"uv": [ 272, 156 ]},
{
//中间的左牙
"origin": [ 7.0, 190.0, -135.0 ],"size": [ 2, 5, 2 ],"uv": [ 272, 156 ]},
{
//中间的前牙
"origin": [ -9.0, 190.0, -135.0 ],"size": [ 16, 2, 2 ],"uv": [ 280, 156 ]},
{
//中间的右牙
"origin": [ -11.0, 190.0, -134.0 ],"size": [ 2, 2, 16 ],"uv": [ 280, 160 ]},
{
//中间的左牙
"origin": [ 7.0, 190.0, -134.0 ],"size": [ 2, 2, 16 ],"uv": [ 280, 160 ]},
{
//中间的下巴
"origin": [ -16.0, 182.0, -136.0 ],"size": [ 30, 8, 32 ],"uv": [ 272, 92 ]}
]
},
{
"name": "jaw2",
"pivot": [ -133.0, 118.0, -104.0 ],
"parent": "head2",
"cubes": [
{
//右边的右牙
"origin": [ -128.0, 126.0, -135.0 ],"size": [ 2, 5, 2 ],"uv": [ 272, 156 ]},
{
//右边的左牙
"origin": [ -110.0, 126.0, -135.0 ],"size": [ 2, 5, 2 ],"uv": [ 272, 156 ]},
{
//右边的前牙
"origin": [ -126.0, 126.0, -135.0 ],"size": [ 16, 2, 2 ],"uv": [ 280, 156 ]},
{
//右边的右牙
"origin": [ -128.0, 126.0, -134.0 ],"size": [ 2, 2, 16 ],"uv": [ 280, 160 ]},
{
//右边的左牙
"origin": [ -110.0, 126.0, -134.0 ],"size": [ 2, 2, 16 ],"uv": [ 280, 160 ]},
{
//右边的下巴
"origin": [ -133.0, 118.0, -136.0 ],"size": [ 30, 8, 32 ],"uv": [ 272, 92 ]}
]
},
{
"name": "jaw3",
"pivot": [ 100.0, 118.0, -104.0 ],
"parent": "head3",
"cubes": [
{
//右边的右牙
"origin": [ 104.0, 126.0, -135.0 ],"size": [ 2, 5, 2 ],"uv": [ 272, 156 ]},
{
//右边的左牙
"origin": [ 123.0, 126.0, -135.0 ],"size": [ 2, 5, 2 ],"uv": [ 272, 156 ]},
{
//右边的前牙
"origin": [ 107.0, 126.0, -135.0 ],"size": [ 16, 2, 2 ],"uv": [ 280, 156 ]},
{
//右边的右牙
"origin": [ 104.0, 126.0, -134.0 ],"size": [ 2, 2, 16 ],"uv": [ 280, 160 ]},
{
//右边的左牙
"origin": [ 123.0, 126.0, -134.0 ],"size": [ 2, 2, 16 ],"uv": [ 280, 160 ]},
{
//右边的下巴
"origin": [ 100.0, 118.0, -136.0 ],"size": [ 30, 8, 32 ],"uv": [ 272, 92 ]}
]
},
/*————————————————脖子部分————————————————*/
{
"name": "neck1a",
"pivot": [ 0.0, 60.0, -55.0 ],
"cubes": [
{
//中间的脖子①
"origin": [ -17.0, 60.0, -55.0 ],"size": [ 32, 32, 32 ],"uv": [ 128, 136 ]},
{
//中间的脖鳍①
"origin": [ -2.5, 75.0, -35.0 ],"size": [ 4, 24, 24 ],"uv": [ 128, 200 ]}
]
},
{
"name": "neck2a",
"pivot": [ 0.0, 90.0, -63.0 ],
"cubes": [
{
//中间的脖子②
"origin": [ -17.0, 90.0, -63.0 ],"size": [ 32, 32, 32 ],"uv": [ 128, 136 ]},
{
//中间的脖鳍②
"origin": [ -2.5, 105.0, -43.0 ],"size": [ 4, 24, 24 ],"uv": [ 128, 200 ]}
]
},
{
"name": "neck3a",
"pivot": [ 0.0, 120.0, -71.0 ],
"cubes": [
{
//中间的脖子③
"origin": [ -17.0, 120.0, -71.0 ],"size": [ 32, 32, 32 ],"uv": [ 128, 136 ]},
{
//中间的脖鳍③
"origin": [ -2.5, 135.0, -51.0 ],"size": [ 4, 24, 24 ],"uv": [ 128, 200 ]}
]
},
{
"name": "neck4a",
"pivot": [ 0.0, 150.0, -79.0 ],
"cubes": [
{
//中间的脖子④
"origin": [ -17.0, 150.0, -79.0 ],"size": [ 32, 32, 32 ],"uv": [ 128, 136 ]},
{
//中间的脖鳍④
"origin": [ -2.5, 165.0, -59.0 ],"size": [ 4, 24, 24 ],"uv": [ 128, 200 ]}
]
},
{
"name": "neck5a",
"pivot": [ 0.0, 180.0, -87.0 ],
"cubes": [
{
//中间的脖子⑤
"origin": [ -17.0, 180.0, -87.0 ],"size": [ 32, 32, 32 ],"uv": [ 128, 136 ]},
{
//中间的脖鳍⑤
"origin": [ -2.5, 195.0, -67.0 ],"size": [ 4, 24, 24 ],"uv": [ 128, 200 ]}
]
},
{
"name": "neck1b",
"pivot": [ -62.0, 60.0, -55.0 ],
"cubes": [
{
//右边的脖子①
"origin": [ -62.0, 60.0, -55.0 ],"size": [ 32, 32, 32 ],"uv": [ 128, 136 ]},
{
//右边的脖鳍①
"origin": [ -47.8, 75.0, -35.0 ],"size": [ 4, 24, 24 ],"uv": [ 128, 200 ]}
]
},
{
"name": "neck2b",
"pivot": [ -80.0, 74.0, -63.0 ],
"cubes": [
{
//右边的脖子②
"origin": [ -80.0, 74.0, -63.0 ],"size": [ 32, 32, 32 ],"uv": [ 128, 136 ]},
{
//右边的脖鳍②
"origin": [ -64.8, 88.0, -43.0 ],"size": [ 4, 24, 24 ],"uv": [ 128, 200 ]}
]
},
{
"name": "neck3b",
"pivot": [ -98.0, 88.0, -71.0 ],
"cubes": [
{
//右边的脖子③
"origin": [ -98.0, 88.0, -71.0 ],"size": [ 32, 32, 32 ],"uv": [ 128, 136 ]},
{
//右边的脖鳍③
"origin": [ -82.8, 102.0, -51.0 ],"size": [ 4, 24, 24 ],"uv": [ 128, 200 ]}
]
},
{
"name": "neck4b",
"pivot": [ -116.0, 102.0, -79.0 ],
"cubes": [
{
//右边的脖子④
"origin": [ -116.0, 102.0, -79.0 ],"size": [ 32, 32, 32 ],"uv": [ 128, 136 ]},
{
//右边的脖鳍④
"origin": [ -100.8, 116.0, -59.0 ],"size": [ 4, 24, 24 ],"uv": [ 128, 200 ]}
]
},
{
"name": "neck5b",
"pivot": [ -134.0, 116.0, -87.0 ],
"cubes": [
{
//右边的脖子⑤
"origin": [ -134.0, 116.0, -87.0 ],"size": [ 32, 32, 32 ],"uv": [ 128, 136 ]},
{
//右边的脖鳍⑤
"origin": [ -119.8, 130.0, -67.0 ],"size": [ 4, 24, 24 ],"uv": [ 128, 200 ]}
]
},
{
"name": "neck1c",
"pivot": [ 27.0, 60.0, -55.0 ],
"cubes": [
{
//左边的脖子①
"origin": [ 27.0, 60.0, -55.0 ],"size": [ 32, 32, 32 ],"uv": [ 128, 136 ]},
{
//左边的脖鳍①
"origin": [ 39.8, 75.0, -35.0 ],"size": [ 4, 24, 24 ],"uv": [ 128, 200 ]}
]
},
{
"name": "neck2c",
"pivot": [ 45.0, 74.0, -63.0 ],
"cubes": [
{
//左边的脖子②
"origin": [ 45.0, 74.0, -63.0 ],"size": [ 32, 32, 32 ],"uv": [ 128, 136 ]},
{
//左边的脖鳍②
"origin": [ 58.8, 88.0, -43.0 ],"size": [ 4, 24, 24 ],"uv": [ 128, 200 ]}
]
},
{
"name": "neck3c",
"pivot": [ 63.0, 88.0, -71.0 ],
"cubes": [
{
//左边的脖子③
"origin": [ 63.0, 88.0, -71.0 ],"size": [ 32, 32, 32 ],"uv": [ 128, 136 ]},
{
//左边的脖鳍③
"origin": [ 77.8, 102.0, -51.0 ],"size": [ 4, 24, 24 ],"uv": [ 128, 200 ]}
]
},
{
"name": "neck4c",
"pivot": [ 81.0, 102.0, -79.0 ],
"cubes": [
{
//左边的脖子④
"origin": [ 81.0, 102.0, -79.0 ],"size": [ 32, 32, 32 ],"uv": [ 128, 136 ]},
{
//左边的脖鳍④
"origin": [ 96.8, 116.0, -59.0 ],"size": [ 4, 24, 24 ],"uv": [ 128, 200 ]}
]
},
{
"name": "neck5c",
"pivot": [ 99.0, 116.0, -87.0 ],
"cubes": [
{
//左边的脖子⑤
"origin": [ 99.0, 116.0, -87.0 ],"size": [ 32, 32, 32 ],"uv": [ 128, 136 ]},
{
//左边的脖鳍⑤
"origin": [ 115.8, 130.0, -67.0 ],"size": [ 4, 24, 24 ],"uv": [ 128, 200 ]}
]
},
/*————————————————下体部分————————————————*/
{
"name": "body",
"pivot": [ 0.0, 24.0, 0.0 ],
"rotation": [ 70.0, 0.0, 0.0 ],
"cubes": [
{
"origin": [ -48.0, -19.0, -6.0 ],"size": [ 96, 96, 40 ],"uv": [ 0, 0 ]}
]
},
{
"name": "leg1",
"pivot": [ -65.0, 5.0, -65.0 ],
"cubes": [
{
"origin": [ -65.0, 0.0, -65.0 ],"size": [ 32, 48, 32 ],"uv": [ 0, 136 ]},
{
"origin": [ -67.0, 1.0, -73.0 ],"size": [ 8, 8, 8 ],"uv": [ 184, 200 ]},
{
"origin": [ -52.0, 1.0, -73.0 ],"size": [ 8, 8, 8 ],"uv": [ 184, 200 ]},
{
"origin": [ -38.0, 1.0, -73.0 ],"size": [ 8, 8, 8 ],"uv": [ 184, 200 ]}
]
},
{
"name": "leg2",
"pivot": [ 34.0, 5.0, -65.0 ],
"cubes": [
{
"origin": [ 34.0, 0.0, -65.0 ],"size": [ 32, 48, 32 ],"uv": [ 0, 136 ]},
{
"origin": [ 30.8, 1.0, -73.0 ],"size": [ 8, 8, 8 ],"uv": [ 184, 200 ]},
{
"origin": [ 46.0, 1.0, -73.0 ],"size": [ 8, 8, 8 ],"uv": [ 184, 200 ]},
{
"origin": [ 60.0, 1.0, -73.0 ],"size": [ 8, 8, 8 ],"uv": [ 184, 200 ]}
]
},
{
"name": "tail1",
"pivot": [ 0.0, 1.0, 45.0 ],
"cubes": [
{
"origin": [ -17.0, 1.0, 46.0 ],"size": [ 32, 32, 32 ],"uv": [ 128, 136 ]},
{
"origin": [ -2.5, 23.0, 50.0 ],"size": [ 4, 24, 24 ],"uv": [ 128, 200 ]}
]
},
{
"name": "tail2",
"pivot": [ 0.0, 1.0, 80.0 ],
"cubes": [
{
"origin": [ -17.0, 1.0, 79.0 ],"size": [ 32, 32, 32 ],"uv": [ 128, 136 ]},
{
"origin": [ -2.5, 23.0, 83.0 ],"size": [ 4, 24, 24 ],"uv": [ 128, 200 ]}
]
},
{
"name": "tail3",
"pivot": [ 0.0, 1.0, 115.0 ],
"cubes": [
{
"origin": [ -17.0, 1.0, 113.0 ],"size": [ 32, 32, 32 ],"uv": [ 128, 136 ]},
{
"origin": [ -2.5, 23.0, 117.0 ],"size": [ 4, 24, 24 ],"uv": [ 128, 200 ]}
]
},
{
"name": "tail4",
"pivot": [ 0.0, 1.0, 150.0 ],
"cubes": [
{
"origin": [ -17.0, 1.0, 147.0 ],"size": [ 32, 32, 32 ],"uv": [ 128, 136 ]},
{
"origin": [ -2.5, 23.0, 151.0 ],"size": [ 4, 24, 24 ],"uv": [ 128, 200 ]}
]
}
//——结束
]
},
"geometry.hydra_head": {
"visible_bounds_width": 1,
"visible_bounds_height": 1,
"visible_bounds_offset": [ 0, 0.5, 0 ],
"texturewidth": 512,
"textureheight": 256,
"bones": [
{
"name": "frill",
"pivot": [ -25.0, 191.0, -75.0 ],
"rotation": [ -30.0, 0.0, 0.0 ],
"parent": "head",
"cubes": [
{
"origin": [ -25.0, 191.0, -75.0 ],"size": [ 48, 48, 4 ],"uv": [ 272, 200 ]}
]
},
{
"name": "head",
"pivot": [ -17.0, 190.0, -87.0 ],
"cubes": [
{
"origin": [ -2.5, 206.0, -73.0 ],"size": [ 4, 24, 24 ],"uv": [ 128, 200 ]},
{
"origin": [ -17.0, 190.0, -87.0 ],"size": [ 32, 24, 32 ],"uv": [ 272, 0 ]},
{
"origin": [ -16.0, 190.0, -110.0 ],"size": [ 30, 12, 24 ],"uv": [ 272, 56 ]},
{
"origin": [ -16.0, 182.0, -74.0 ],"size": [ 30, 8, 16 ],"uv": [ 272, 132 ]}
]
},
{
"name": "jaw",
"pivot": [ -15.0, 188.0, -74.0 ],
"parent": "head",
"cubes": [
{
"origin": [ -11.0, 190.0, -105.0 ],"size": [ 2, 5, 2 ],"uv": [ 272, 156 ]},
{
"origin": [ 7.0, 190.0, -105.0 ],"size": [ 2, 5, 2 ],"uv": [ 272, 156 ]},
{
"origin": [ -9.0, 190.0, -105.0 ],"size": [ 16, 2, 2 ],"uv": [ 280, 156 ]},
{
"origin": [ -11.0, 190.0, -104.0 ],"size": [ 2, 2, 16 ],"uv": [ 280, 160 ]},
{
"origin": [ 7.0, 190.0, -104.0 ],"size": [ 2, 2, 16 ],"uv": [ 280, 160 ]},
{
"origin": [ -16.0, 182.0, -106.0 ],"size": [ 30, 8, 32 ],"uv": [ 272, 92 ]}
]
},
{
"name": "neck1",
"pivot": [ -17.0, 60.0, -25.0 ],
"cubes": [
{
"origin": [ -17.0, 60.0, -25.0 ],"size": [ 32, 32, 32 ],"uv": [ 128, 136 ]},
{
"origin": [ -2.5, 75.0, -5.0 ],"size": [ 4, 24, 24 ],"uv": [ 128, 200 ]}
]
},
{
"name": "neck2",
"pivot": [ -17.0, 90.0, -33.0 ],
"cubes": [
{
"origin": [ -17.0, 90.0, -33.0 ],"size": [ 32, 32, 32 ],"uv": [ 128, 136 ]},
{
"origin": [ -2.5, 105.0, -13.0 ],"size": [ 4, 24, 24 ],"uv": [ 128, 200 ]}
]
},
{
"name": "neck3",
"pivot": [ -17.0, 120.0, -41.0 ],
"cubes": [
{
"origin": [ -17.0, 120.0, -41.0 ],"size": [ 32, 32, 32 ],"uv": [ 128, 136 ]},
{
"origin": [ -2.5, 135.0, -21.0 ],"size": [ 4, 24, 24 ],"uv": [ 128, 200 ]}
]
},
{
"name": "neck4",
"pivot": [ -17.0, 150.0, -49.0 ],
"cubes": [
{
"origin": [ -17.0, 150.0, -49.0 ],"size": [ 32, 32, 32 ],"uv": [ 128, 136 ]},
{
"origin": [ -2.5, 165.0, -29.0 ],"size": [ 4, 24, 24 ],"uv": [ 128, 200 ]}
]
},
{
"name": "neck5",
"pivot": [ -17.0, 180.0, -57.0 ],
"cubes": [
{
"origin": [ -17.0, 180.0, -57.0 ],"size": [ 32, 32, 32 ],"uv": [ 128, 136 ]},
{
"origin": [ -2.5, 195.0, -37.0 ],"size": [ 4, 24, 24 ],"uv": [ 128, 200 ]}
]
}
//——结束
]
},
"geometry.hydra_mortar": {
"texturewidth": 32,
"textureheight": 32,
"bones": [
{
"name": "body",
"pivot": [ 0.0, 0.0, 0.0 ],
"cubes": [
{
"origin": [ 0.0, 0.0, 0.0 ],"size": [ 8, 8, 8 ],"uv": [ 0, 0 ]}
]
}
//——销毁
]
}
}