{
"format_version": "1.10.0",
"geometry.minoshroom": {
"visible_bounds_width": 1.5,
"visible_bounds_height": 1.5,
"visible_bounds_offset": [ 0, 0.5, 0 ],
"texturewidth": 128,
"textureheight": 32,
"bones": [
{
"name": "head",
"pivot": [ 0.0, 34.1, -9.0 ],
"cubes": [
{
"origin": [ -4.0, 34.1, -11.0 ],"size": [ 8, 8, 8 ],"uv": [ 96, 16 ]
}
]
},
{
"name": "nose",
"parent": "head",
"pivot": [ 0.0, 34.1, -9.5 ],
"cubes": [
{
"origin": [ -2.0, 34.1, -11.5 ],"size": [ 4, 3, 1 ],"uv": [ 105, 28 ]
}
]
},
{
"name": "body",
"pivot": [ 0.0, 22.0, -7.0 ],
"cubes": [
{
"origin": [ -4.0, 22.0, -10.0 ],"size": [ 8, 12, 5 ],"uv": [ 64, 0 ]
}
]
},
{
"name": "rightItem",
"pivot": [ -6.0, 26.0, -4.5 ],
"neverRender": true,
"parent": "rightArm"
},
{
"name": "rightArm",
"pivot": [ -7.0, 32.0, -8.5 ],
"cubes": [
{
"origin": [ -8.0, 22.0, -9.5 ],"size": [ 4, 12, 4 ],"uv": [ 90, 0 ]
}
]
},
{
"name": "leftArm",
"pivot": [ 3.0, 32.0, -8.5 ],
"cubes": [
{
"origin": [ 4.0, 22.0, -9.5 ],"size": [ 4, 12, 4 ],"uv": [ 90, 0 ]
}
]
},
//——区域
{
"name": "rightHorn1",
"pivot": [ -8.0, 39.4, -9.4 ],
"rotation": [ 0.0, -25.0, 10.0 ],
"parent": "head",
"cubes": [
{
"origin": [ -9.0, 39.4, -11.4 ],"size": [ 5, 3, 3 ],"uv": [ 0, 0 ]
}
]
},
{
"name": "rightHorn2",
"pivot": [ -10.0, 41.7, -9.4 ],
"rotation": [ 0.0, -15.0, 45.0 ],
"parent": "head",
"cubes": [
{
"origin": [ -11.0, 41.7, -11.4 ],"size": [ 3, 2, 2 ],"uv": [ 16, 0 ]
}
]
},
{
"name": "leftHorn1",
"pivot": [ 3.8, 38.7, -7.4 ],
"rotation": [ 0.0, 25.0, -10.0 ],
"parent": "head",
"cubes": [
{
"origin": [ 4.8, 38.7, -9.4 ],"size": [ 5, 3, 3 ],"uv": [ 0, 0 ]
}
]
},
{
"name": "leftHorn2",
"pivot": [ 9.22, 39.2, -6.22 ],
"rotation": [ 0.0, 15.0, -45.0 ],
"parent": "leftHorn1",
"cubes": [
{
"origin": [ 10.22, 39.2, -8.22 ],"size": [ 3, 2, 2 ],"uv": [ 16, 0 ]
}
]
},
//——区域
{
"name": "person",
"pivot": [ 0.0, 9.0, 8.0 ],
"rotation": [ 90.0, 0.0, 0.0 ],
"cubes": [
{
"origin": [ -6.0, 9.0, 11.0 ],"size": [ 12, 18, 10 ],"uv": [ 18, 4 ]
},
{
"origin": [ -2.0, 9.0, 10.0 ],"size": [ 4, 6, 2 ],"uv": [ 52, 0 ]
}
]
},
{
"name": "leg1",
"pivot": [ -5.0, 13.0, -8.0 ],
"cubes": [
{
"origin": [ -6.0, 0.0, -10.0 ],"size": [ 4, 12, 4 ],"uv": [ 0, 16 ]
}
]
},
{
"name": "leg2",
"pivot": [ 1.0, 13.0, -8.0 ],
"cubes": [
{
"origin": [ 2.0, 0.0, -10.0 ],"size": [ 4, 12, 4 ],"uv": [ 0, 16 ]
}
]
},
{
"name": "leg3",
"pivot": [ -5.0, 13.0, 5.8 ],
"cubes": [
{
"origin": [ -6.0, 0.0, 3.8 ],"size": [ 4, 12, 4 ],"uv": [ 0, 16 ]
}
]
},
{
"name": "leg4",
"pivot": [ 1.0, 13.0, 5.8 ],
"cubes": [
{
"origin": [ 2.0, 0.0, 3.8 ],"size": [ 4, 12, 4 ],"uv": [ 0, 16 ]
}
]
}
//——销毁
]
}
}