{
  "format_version": "1.16.100",
  "minecraft:item": {
    "description": {
      "identifier": "twilightforest:ironwood_hoe"
    },
    "components": {
      "minecraft:creative_category": {
        "category": "equipment",
        "group": "itemGroup.name.hoe"
      },
      "minecraft:display_name": {
        "value": "item.twilightforest.ironwood_hoe"
      },
      "minecraft:icon": {
        "texture": "ironwood_hoe"
      },
      "minecraft:max_stack_size": 1,
      "minecraft:hand_equipped": true,
      "minecraft:durability": {
        "max_durability": 512
      },
      "minecraft:repairable": {
        "repair_items": [
          {
            "items": [
              "twilightforest:ironwood_ingot"
            ],
            "repair_amount": "math.floor(query.max_durability * 0.25)"
          },
          {
            "items": [
              "twilightforest:ironwood_hoe"
            ],
              "repair_amount": "context.other->query.remaining_durability + math.floor(query.max_durability * 0.05)"
          }
        ]
      },
      "minecraft:mining_speed": 6,
      "minecraft:weapon": {
        "on_hurt_entity": {
          "event": "twilightforest:on_hurt_entity",
          "target": "self"
        }
      },
      "minecraft:damage": 4,
      "minecraft:foil": true,
      "minecraft:enchantable": {
        "value": 10,
        "slot": "hoe"
      },
      "minecraft:use_on": {
        "blocks": [
          "grass",
          "dirt",
          "grass_path"
        ]
      },
      "tag:minecraft:is_hoe": {}
    },
    "events": {
      "twilightforest:on_hurt_entity": {
        "sequence": [
          {
            "damage": {
              "amount": 2,
              "type": "none"
            }
          }
        ]
      },
      "on_tool_used": {
        "sequence": [
          {
            "damage": {
              "amount": 1,
              "target": "self",
              "type": "none"
            },
            "swing": {}
          }
        ]
      }
    }
  }
}