{
  "format_version": "1.16.100",
  "minecraft:item": {
    "description": {
      "identifier": "twilightforest:ironwood_boots"
    },
    "components": {
      "minecraft:creative_category": {
        "category": "equipment",
        "group": "itemGroup.name.boots"
      },
      "minecraft:display_name": {
        "value": "item.twilightforest.ironwood_boots"
      },
      "minecraft:icon": {
        "texture": "ironwood_boots"
      },
      "minecraft:max_stack_size": 1,
      "minecraft:enchantable": {
        "value": 9,
        "slot": "armor_feet"
      },
      "minecraft:durability": {
        "max_durability": 260,
        "damage_chance": {
          "min": 60,
          "max": 100
        }
      },
      "minecraft:repairable": {
        "repair_items": [
          {
            "items": [
              "twilightforest:ironwood_ingot"
            ],
            "repair_amount": "math.floor(query.max_durability * 0.25)"
          },
          {
            "items": [
              "twilightforest:ironwood_boots"
            ],
              "repair_amount": "context.other->query.remaining_durability + math.floor(query.max_durability * 0.05)"
          }
        ]
      },
      "minecraft:armor": {
        "protection": 2
      },
      "minecraft:foil": true,
      "minecraft:wearable": {
        "slot": "slot.armor.feet"
      }
    }
  }
}