{
  "format_version": "1.16.100",
  "minecraft:item": {
    "description": {
      "identifier": "twilightforest:ironwood_axe"
    },
    "components": {
      "minecraft:creative_category": {
        "category": "equipment",
        "group": "itemGroup.name.axe"
      },
      "minecraft:display_name": {
        "value": "item.twilightforest.ironwood_axe"
      },
      "minecraft:icon": {
        "texture": "ironwood_axe"
      },
      "minecraft:max_stack_size": 1,
      "minecraft:hand_equipped": true,
      "minecraft:durability": {
        "max_durability": 512
      },
      "minecraft:repairable": {
        "repair_items": [
          {
            "items": [
              "twilightforest:ironwood_ingot"
            ],
            "repair_amount": "math.floor(query.max_durability * 0.25)"
          },
          {
            "items": [
              "twilightforest:ironwood_axe"
            ],
              "repair_amount": "context.other->query.remaining_durability + math.floor(query.max_durability * 0.05)"
          }
        ]
      },
      "minecraft:mining_speed": 1,
      "minecraft:weapon": {
        "on_hurt_entity": {
          "event": "twilightforest:on_hurt_entity",
          "target": "self"
        }
      },
      "minecraft:damage": 7,
      "minecraft:foil": true,
      "minecraft:enchantable": {
        "value": 14,
        "slot": "axe"
      },
      "minecraft:digger": {
        "use_efficiency": true,
        "destroy_speeds": [
          {
            "block": {
              "tags": "q.any_tag('wood', 'pumpkin', 'plant')"
            },
            "speed": 6,
            "on_dig": {
              "event": "twilightforest:on_dig",
              "target": "self"
            }
          },
          {
            "block": "minecraft:chest",
            "speed": 6,
            "on_dig": {
              "event": "twilightforest:on_dig",
              "target": "self"
            }
          },
          {
            "block": "minecraft:melon_block",
            "speed": 6,
            "on_dig": {
              "event": "twilightforest:on_dig",
              "target": "self"
            }
          }
        ],
        "on_dig": {
          "event": "twilightforest:on_dig",
          "target": "self"
        }
      },
      "tag:minecraft:is_axe": {}
    },
    "events": {
      "twilightforest:on_hurt_entity": {
        "sequence": [
          {
            "damage": {
              "amount": 2,
              "type": "durability"
            }
          }
        ]
      },
      "twilightforest:on_dig": {
        "sequence": [
          {
            "damage": {
              "amount": 2,
              "type": "durability"
            }
          }
        ]
      },
      "on_tool_used": {
        "sequence": [
          {
            "damage": {
              "amount": 1,
              "target": "self",
              "type": "durability"
            },
            "swing": {}
          }
        ]
      }
    }
  }
}