{
  "format_version": "1.16.100",
  "minecraft:block": {
    "description": {
      "identifier": "twilightforest:rainboak_sapling"
    },
    "components": {
      "minecraft:creative_category": {
        "category": "nature",
        "group": "itemGroup.name.sapling"
      },
      "minecraft:breathability": "air",
      "minecraft:breakonpush": true,
      "minecraft:destroy_time": 0,
      "minecraft:block_light_absorption": 0,
      "minecraft:entity_collision": false,
      "minecraft:geometry": "geometry.plants",
      "minecraft:material_instances": {
        "*": {
          "texture": "rainboak_sapling",
          "render_method": "blend",
          "ambient_occlusion": false
        }
      },
      "minecraft:pick_collision": {
        "origin": [ -6, 0, -6 ],
        "size": [ 12, 12, 12 ]
      },
      "minecraft:placement_filter": {
        "conditions": [
          {
            "allowed_faces": [ "up" ],
            "block_filter": [ "dirt", "grass", "podzol", "farmland", "dirt_with_roots", "moss_block" ]
          }
        ]
      }
    },
    "events": {
      "fertilize_block": {
        "run_command": {
          "command": "particle minecraft:crop_growth_emitter ~ ~ ~"
        }
      }
    }
  }
}