{
  "format_version": "1.16.100",
  "minecraft:item": {
    "description": {
      "identifier": "twilightforest:tower_key"
    },
    "components": {
      "minecraft:creative_category": {
        "category": "items",
        "group": "itemGroup.name.twilightforest.items"
      },
      "minecraft:display_name": {
        "value": "item.twilightforest.tower_key"
      },
      "minecraft:icon": {
        "texture": "tower_key"
      },
      "tag:twilightforest:tower_key": {}
    }
  }
}