{
  "format_version": "1.16.100",
  "minecraft:item": {
    "description": {
      "identifier": "twilightforest:transformation_powder"
    },
    "components": {
      "minecraft:creative_category": {
        "category": "items",
        "group": "itemGroup.name.twilightforest.items"
      },
      "minecraft:display_name": {
        "value": "item.twilightforest.transformation_powder"
      },
      "minecraft:icon": {
        "texture": "transformation_powder"
      }
    }
  }
}