{
  "format_version": "1.16.100",
  "minecraft:item": {
    "description": {
      "identifier": "twilightforest:ice_bow"
    },
    "components": {
      "minecraft:creative_category": {
        "category": "equipment",
        "group": "itemGroup.name.bow"
      },
      "minecraft:display_name": {
        "value": "item.twilightforest.ice_bow"
      },
      "minecraft:icon": {
        "texture": "ice_bow"
      },
      "minecraft:max_stack_size": 1,
      "minecraft:use_duration": 5,
      "minecraft:animates_in_toolbar": false,
      "minecraft:enchantable": {
        "slot": "bow",
        "value": 1
      },
      "minecraft:hand_equipped": true,
      "minecraft:fuel": {
        "duration": 10.0
      },
      "minecraft:use_animation": "bow",
      "minecraft:shooter": {
        "ammunition": [
          {
            "item": "minecraft:arrow",
            "use_offhand": true,
            "search_inventory": true,
            "use_in_creative": true
          }
        ],
        "scale_power_by_draw_duration": true,
        "launch_power_scale": 1,
        "max_draw_duration": 1.0
      },
      "minecraft:durability": {
        "max_durability": 384
      },
      "minecraft:on_use": {
        "on_use": {
          "event": "twilightforest:on_use"
        }
      },
      "minecraft:repairable": {
        "repair_items": [
          {
            "items": [
              "twilightforest:ice_bow"
            ],
            "repair_amount": "context.other->query.remaining_durability + math.floor(query.max_durability * 0.05)"
          }
        ]
      }
    },
    "events": {
      "twilightforest:on_use": {
        "sequence": [
          {
            "run_command": {
              "command": "tellraw @p {\"rawtext\":[{\"translate\":\"action.twilightforest.item.uncompleted\",\"with\":{\"rawtext\":[{\"translate\":\"item.twilightforest.ice_bow\"}]}}]}"
            }
          }
        ]
      },
      "on_tool_used": {
        "run_command": {
          "command": "say hello"
        }
      }
    }
  }
}//on_fertilized on_drop_attempt on_start on_kill on_use_range on_use_action