{
  "pools": [
    {
      "rolls": 1,
      "entries": [
        {
          "type": "item",
          "name": "twilightforest:lifedrain_scepter",
          "weight": 1
        },
        {
          "type": "item",
          "name": "twilightforest:shield_scepter",
          "weight": 1
        },
        {
          "type": "item",
          "name": "twilightforest:twilight_scepter",
          "weight": 1
        },
        {
          "type": "item",
          "name": "twilightforest:zombie_scepter",
          "weight": 1
        }
      ]
    },
    {
      "rolls": 1,
      "entries": [
        {
          "type": "item",
          "name": "twilightforest:trophy.lich"
        }
      ]
    },
    {
      "rolls": 1,
      "entries": [
        {
          "type": "item",
          "name": "minecraft:ender_pearl",
          "functions": [
            {
              "function": "set_count",
              "count": {
                "min": 1,
                "max": 4
              }
            },
            {
              "function": "looting_enchant",
              "count": {
                "min": 0,
                "max": 1
              }
            }
          ]
        }
      ]
    },
    {
      "rolls": 1,
      "entries": [
        {
          "type": "item",
          "name": "minecraft:bone",
          "functions": [
            {
              "function": "set_count",
              "count": {
                "min": 5,
                "max": 9
              }
            },
            {
              "function": "looting_enchant",
              "count": {
                "min": 0,
                "max": 1
              }
            }
          ]
        }
      ]
    },
    {
      "rolls": {
        "min": 2,
        "max": 4
      },
      "entries": [
        {
          "type": "item",
          "name": "minecraft:golden_sword",
          "weight": 1,
          "functions": [
            {
              "function": "enchant_with_levels",
              "levels": {
                "min": 10,
                "max": 40
              },
              "treasure": false
            }
          ]
        },
        {
          "type": "item",
          "name": "minecraft:golden_boots",
          "weight": 1,
          "functions": [
            {
              "function": "enchant_with_levels",
              "levels": {
                "min": 10,
                "max": 40
              },
              "treasure": false
            }
          ]
        },
        {
          "type": "item",
          "name": "minecraft:golden_chestplate",
          "weight": 1,
          "functions": [
            {
              "function": "enchant_with_levels",
              "levels": {
                "min": 10,
                "max": 40
              },
              "treasure": false
            }
          ]
        },
        {
          "type": "item",
          "name": "minecraft:golden_helmet",
          "weight": 1,
          "functions": [
            {
              "function": "enchant_with_levels",
              "levels": {
                "min": 10,
                "max": 40
              },
              "treasure": false
            }
          ]
        },
        {
          "type": "item",
          "name": "minecraft:golden_leggings",
          "weight": 1,
          "functions": [
            {
              "function": "enchant_with_levels",
              "levels": {
                "min": 10,
                "max": 40
              },
              "treasure": false
            }
          ]
        }
      ]
    }
  ]
}