{
  "pools": [
    {
      "rolls": 1,
      "entries": [
        {
          "type": "item",
          "name": "twilightforest:meef",
          "functions": [
            {
              "function": "set_count",
              "count": 1
            },
            {
              "function": "furnace_smelt",
              "conditions": [
                {
                  "condition": "entity_properties",
                  "entity": "this",
                  "properties": {
                    "on_fire": true
                  }
                }
              ]
            }
          ]
        }
      ]
    },
    {
      "conditions": [
        {
          "condition": "random_chance",
          "chance": 0.025
        }
      ],
      "rolls": 1,
      "entries": [
        {
          "type": "item",
          "name": "twilightforest:maze_map_focus"
        }
      ]
    }
  ]
}