{
  "format_version": "1.13.0",
  "minecraft:biome": {
    "description": {
      "identifier": "twilightforest.twilight_forest"
    },
    "components": {
      "minecraft:climate": {
        "downfall": 0.5,
        "snow_accumulation": [ 0.0, 0.125 ],
        "temperature": 0.5
      },
      "minecraft:multinoise_generation_rules": {
        "target_temperature": 0.0,
        "target_humidity": 0.5,
        "target_altitude": 0.0,
        "target_weirdness": 0.0,
        "weight": 0.4
      },
      "minecraft:overworld_height": {
        "noise_type": "default"
      },
      "minecraft:surface_parameters": {
        "sea_floor_depth": 7,
        "sea_floor_material": "minecraft:gravel",
        "foundation_material": "minecraft:stone",
        "mid_material": "minecraft:dirt",
        "top_material": "minecraft:grass",
        "sea_material": "minecraft:water"
      },
      "minecraft:overworld_generation_rules": {
        "generate_for_climates": [
          [ "medium", 1 ],
          [ "cold", 1 ]
        ]
      },

      "animal": {},
      "forest": {},
      "monster": {},
      "overworld": {},
      "bee_habitat": {},
      "twilight": {}
    }
  }
}