{
  "format_version": "1.16.100",
  "minecraft:item": {
    "description": {
      "identifier": "twilightforest:armor_shard_cluster"
    },
    "components": {
      "minecraft:creative_category": {
        "category": "items",
        "group": "itemGroup.name.twilightforest.items"
      },
      "minecraft:display_name": {
        "value": "item.twilightforest.armor_shard_cluster"
      },
      "minecraft:icon": {
        "texture": "armor_shard_cluster"
      }
    }
  }
}