{
  "format_version": "1.16.100",
  "minecraft:item": {
    "description": {
      "identifier": "twilightforest:knightmetal_sword"
    },
    "components": {
      "minecraft:creative_category": {
        "category": "equipment",
        "group": "itemGroup.name.sword"
      },
      "minecraft:display_name": {
        "value": "item.twilightforest.knightmetal_sword"
      },
      "minecraft:icon": {
        "texture": "knightmetal_sword"
      },
      "minecraft:max_stack_size": 1,
      "minecraft:hand_equipped": true,
      "minecraft:durability": {
        "max_durability": 512
      },
      "minecraft:repairable": {
        "repair_items": [
          {
            "items": [
              "twilightforest:knightmetal_ingot"
            ],
            "repair_amount": "math.floor(query.max_durability * 0.25)"
          },
          {
            "items": [
              "twilightforest:knightmetal_sword"
            ],
              "repair_amount": "context.other->query.remaining_durability + math.floor(query.max_durability * 0.05)"
          }
        ]
      },
      "minecraft:mining_speed": 1,
      "minecraft:weapon": {
        "event": "twilightforest:on_hurt_entity",
        "target": "self"
      },
      "minecraft:damage": 7,
      "minecraft:enchantable": {
        "value": 10,
        "slot": "sword"
      },
      "minecraft:can_destroy_in_creative": false,
      "minecraft:digger": {
        "use_efficiency": false,
        "destroy_speeds": [
          {
            "block": "minecraft:web",
            "speed": 15,
            "on_dig": {
              "event": "twilightforest:on_dig",
              "target": "self"
            }
          },
          {
            "block": "minecraft:bamboo",
            "speed": 10,
            "on_dig": {
              "event": "twilightforest:on_dig",
              "target": "self"
            }
          }
        ],
        "on_dig": {
          "event": "twilightforest:on_dig",
          "target": "self"
        }
      },
      "tag:minecraft:is_sword": {}
    },
    "events": {
      "twilightforest:on_hurt_entity": {
        "sequence": [
          {
            "damage": {
              "amount": 1,
              "type": "durability"
            }
          }
        ]
      },
      "twilightforest:on_dig": {
        "sequence": [
          {
            "damage": {
              "amount": 2,
              "type": "durability"
            }
          }
        ]
      }
    }
  }
}