{
  "format_version": "1.16.100",
  "minecraft:item": {
    "description": {
      "identifier": "twilightforest:fiery_sword"
    },
    "components": {
      "minecraft:creative_category": {
        "category": "equipment",
        "group": "itemGroup.name.sword"
      },
      "minecraft:display_name": {
        "value": "item.twilightforest.fiery_sword"
      },
      "minecraft:icon": {
        "texture": "fiery_sword"
      },
      "minecraft:max_stack_size": 1,
      "minecraft:use_duration": 3600,
      "minecraft:hand_equipped": true,
      "minecraft:durability": {
        "max_durability": 1024,
        "damage_chance": {
          "min": 0,
          "max": 0
        }
      },
      "minecraft:mining_speed": 1.5,
      "minecraft:weapon": {
        "on_hurt_entity": {
          "event": "twilightforest:on_hurt_entity",
          "target": "self"
        }
      },
      "minecraft:damage": 8,
      "minecraft:enchantable": {
        "value": 10,
        "slot": "sword"
      },
      "minecraft:repairable": {
        "repair_items": [
          {
            "items": [
              "twilightforest:fiery_ingot"
            ],
            "repair_amount": "math.floor(query.max_durability * 0.25)"
          },
          {
            "items": [
              "twilightforest:fiery_sword"
            ],
              "repair_amount": "context.other->query.remaining_durability + math.floor(query.max_durability * 0.05)"
          }
        ]
      },
      "minecraft:can_destroy_in_creative": false,
      "minecraft:digger": {
        "use_efficiency": true,
        "destroy_speeds": [
          {
            "block": "minecraft:web",
            "speed": 15,
            "on_dig": {
              "event": "twilightforest:on_dig",
              "target": "self"
            }
          },
          {
            "block": "minecraft:bamboo",
            "speed": 10,
            "on_dig": {
              "event": "twilightforest:on_dig",
              "target": "self"
            }
          },
          {
            "block": {
              "tags": "q.any_tag('plant')"
            },
            "speed": 1
          }
        ],
        "on_dig": {
          "event": "twilightforest:on_dig",
          "target": "self"
        }
      }
    },
    "events": {
      "twilightforest:on_hurt_entity": {
        "sequence": [
          {
            "damage": {
              "amount": 1,
              "type": "durability"
            }
          }
        ]
      },
      "twilightforest:on_dig": {
        "sequence": [
          {
            "damage": {
              "amount": 2,
              "type": "durability"
            }
          }
        ]
      }
    }
  }
}