{
  "format_version": "1.16.100",
  "minecraft:item": {
    "description": {
      "identifier": "twilightforest:fiery_pickaxe"
    },
    "components": {
      "minecraft:creative_category": {
        "category": "equipment",
        "group": "itemGroup.name.pickaxe"
      },
      "minecraft:display_name": {
        "value": "item.twilightforest.fiery_pickaxe"
      },
      "minecraft:icon": {
        "texture": "fiery_pickaxe"
      },
      "minecraft:max_stack_size": 1,
      "minecraft:hand_equipped": true,
      "minecraft:durability": {
        "max_durability": 1024
      },
      "minecraft:repairable": {
        "repair_items": [
          {
            "items": [
              "twilightforest:fiery_ingot"
            ],
            "repair_amount": "math.floor(query.max_durability * 0.25)"
          },
          {
            "items": [
              "twilightforest:fiery_pickaxe"
            ],
            "repair_amount": "context.other->query.remaining_durability + math.floor(query.max_durability * 0.05)"
          }
        ]
      },
      "minecraft:mining_speed": 1,
      "minecraft:weapon": {
        "on_hurt_entity": {
          "event": "twilightforest:on_hurt_entity",
          "target": "self"
        }
      },
      "minecraft:damage": 6,
      "minecraft:enchantable": {
        "value": 10,
        "slot": "pickaxe"
      },
      "minecraft:digger": {
        "use_efficiency": true,
        "destroy_speeds": [
          {
            "block": {
              "tags": "q.any_tag('stone', 'metal', 'diamond_pick_diggable')"
            },
            "speed": 8,
            "on_dig": {
              "event": "twilightforest:on_dig",
              "target": "self"
            }
          },
          {
            "block": "minecraft:ice",
            "speed": 8,
            "on_dig": {
              "event": "twilightforest:on_dig",
              "target": "self"
            }
          },
          {
            "block": "minecraft:sandstone",
            "speed": 8,
            "on_dig": {
              "event": "twilightforest:on_dig",
              "target": "self"
            }
          }
        ],
        "on_dig": {
          "event": "twilightforest:on_dig",
          "target": "self"
        }
      },
      "tag:minecraft:is_pickaxe": {}
    },
    "events": {
      "twilightforest:on_hurt_entity": {
        "sequence": [
          {
            "damage": {
              "amount": 2,
              "type": "durability"
            }
          }
        ]
      },
      "twilightforest:on_dig": {
        "sequence": [
          {
            "damage": {
              "amount": 1,
              "type": "durability"
            }
          }
        ]
      }
    }
  }
}