{
  "format_version": "1.17.10",
  "minecraft:entity": {
    "description": {
      "identifier": "twilightforest:lich",
      "is_spawnable": true,
      "is_summonable": true,
      "is_experimental": false,
      "runtime_identifier": "minecraft:drowned"
    },
    "component_groups": {
      "twilightforest:lich_shield_5": {
        "minecraft:variant": {
          "value": 7
        },
        "minecraft:boss": {
          "hud_range": 256,
          "name": "entity.twilightforest:lich.shield.5"
        }
      },
      "twilightforest:lich_shield_4": {
        "minecraft:variant": {
          "value": 6
        },
        "minecraft:boss": {
          "hud_range": 256,
          "name": "entity.twilightforest:lich.shield.4"
        }
      },
      "twilightforest:lich_shield_3": {
        "minecraft:variant": {
          "value": 5
        },
        "minecraft:boss": {
          "hud_range": 256,
          "name": "entity.twilightforest:lich.shield.3"
        }
      },
      "twilightforest:lich_shield_2": {
        "minecraft:variant": {
          "value": 4
        },
        "minecraft:boss": {
          "hud_range": 256,
          "name": "entity.twilightforest:lich.shield.2"
        }
      },
      "twilightforest:lich_shield_1": {
        "minecraft:variant": {
          "value": 3
        },
        "minecraft:boss": {
          "hud_range": 256,
          "name": "entity.twilightforest:lich.shield.1"
        }
      },
      "twilightforest:on_shield_break": {
        "minecraft:transformation": {
          "into": "twilightforest:lich"
        }
      },
      "twilightforest:lich_has_shield": {
        "minecraft:type_family": {
          "family": [
            "lich",
            "skeleton",
            "undead",
            "monster",
            "mob",
            "boss"
          ]
        },
        "minecraft:damage_sensor": {
          "triggers": [
            {
              "on_damage": {
                "filters": {
                  "any_of": [
                    {
                      "test": "has_damage",
                      "subject": "self",
                      "value": "magic"
                    },
                    {
                      "test": "has_damage",
                      "subject": "self",
                      "value": "void"
                    },
                    {
                      "test": "has_tag",
                      "subject": "damager",
                      "value": "twilightforest:could_hurt_lich"
                    }
                  ]
                },
                "event": "twilightforest:on_shield_break"
              },
              "damage_multiplier": 0
            },
            {
              "cause": "all",
              "deals_damage": false
            }
          ]
        }
      },
      "twilightforest:lich_ranged_attack": {
        "minecraft:behavior.ranged_attack": {
          "priority": 3,
          "attack_radius": 64,
          "charge_charged_trigger": 0,
          "charge_shoot_trigger": 1.5
        }
      },
      "twilightforest:ender_pearl": {
        "minecraft:color": {
          "value": 11
        },
        "minecraft:shooter": {
          "def": "twilightforest:ender_pearl_lich"
        }
      },
      "twilightforest:lich_fireball": {
        "minecraft:color": {
          "value": 1
        },
        "minecraft:shooter": {
          "def": "twilightforest:lich_fireball"
        }
      },
      "twilightforest:is_shadow": {
        "minecraft:type_family": {
          "family": [
            "lich",
            "mob",
            "inanimate"
          ]
        },
        "minecraft:variant": {
          "value": 8
        },
        "minecraft:skin_id": {
          "value": 1
        },
        "minecraft:damage_sensor": {
          "triggers": [
            {
              "cause": "all",
              "deals_damage": false
            }
          ]
        },
        "minecraft:entity_sensor": {
          "event_filters": {
            "none_of": [
              {
                "all_of": [
                  {
                    "test": "is_family",
                    "subject": "other",
                    "value": "lich"
                  },
                  {
                    "test": "has_tag",
                    "subject": "other",
                    "operator": "!=",
                    "value": "0"
                  }
                ]
              }
            ]
          },
          "require_all": true,
          "sensor_range": 64,
          "event": "twilightforest:despawn"
        }
      },
      "twilightforest:lich_minion_manager": {
        "minecraft:environment_sensor": {
          "triggers": [
            {
              "filters": {
                "all_of": [
                  {
                    "test": "has_tag",
                    "value": "twilightforest:has_minion_1"
                  },
                  {
                    "test": "has_tag",
                    "value": "twilightforest:has_minion_2"
                  },
                  {
                    "test": "has_tag",
                    "value": "twilightforest:has_minion_3"
                  },
                  {
                    "test": "has_tag",
                    "value": "twilightforest:has_minion_4"
                  },
                  {
                    "test": "has_tag",
                    "value": "twilightforest:has_minion_5"
                  },
                  {
                    "test": "has_tag",
                    "value": "twilightforest:has_minion_6"
                  },
                  {
                    "test": "has_tag",
                    "value": "twilightforest:has_minion_7"
                  },
                  {
                    "test": "has_tag",
                    "value": "twilightforest:has_minion_8"
                  },
                  {
                    "test": "has_tag",
                    "value": "twilightforest:has_minion_9"
                  }
                ]
              },
              "event": "twilightforest:lich_sword",
              "target": "self"
            },
            {
              "filters": {
                "any_of": [
                  {
                    "test": "has_tag",
                    "operator": "!=",
                    "value": "twilightforest:has_minion_1"
                  },
                  {
                    "test": "has_tag",
                    "operator": "!=",
                    "value": "twilightforest:has_minion_2"
                  },
                  {
                    "test": "has_tag",
                    "operator": "!=",
                    "value": "twilightforest:has_minion_3"
                  },
                  {
                    "test": "has_tag",
                    "operator": "!=",
                    "value": "twilightforest:has_minion_4"
                  },
                  {
                    "test": "has_tag",
                    "operator": "!=",
                    "value": "twilightforest:has_minion_5"
                  },
                  {
                    "test": "has_tag",
                    "operator": "!=",
                    "value": "twilightforest:has_minion_6"
                  },
                  {
                    "test": "has_tag",
                    "operator": "!=",
                    "value": "twilightforest:has_minion_7"
                  },
                  {
                    "test": "has_tag",
                    "operator": "!=",
                    "value": "twilightforest:has_minion_8"
                  },
                  {
                    "test": "has_tag",
                    "operator": "!=",
                    "value": "twilightforest:has_minion_9"
                  }
                ]
              },
              "event": "twilightforest:test_minions",
              "target": "self"
            },
            {
              "filters": {
                "test": "has_tag",
                "operator": "!=",
                "value": "twilightforest:has_minions"
              },
              "event": "twilightforest:need_minions",
              "target": "self"
            }
          ]
        },
        "minecraft:entity_sensor": {
          "event_filters": {
            "test": "is_family",
            "subject": "other",
            "value": "lich_minion"
          },
          "sensor_range": 64,
          "maximum_count": 2, //In fact, there are three rather than two minions at the same time (x
          "event": "twilightforest:need_minions"
        }
      },
      "twilightforest:lich_shield_0": {
        "minecraft:boss": {
          "hud_range": 256,
          "name": "entity.twilightforest:lich.shield.0"
        },
        "minecraft:variant": {
          "value": 2
        },
        "minecraft:loot": {
          "table": "loot_tables/entities/lich.json"
        },
        "minecraft:experience_reward": {
          "on_death": "217"
        }
      },
      "twilightforest:lich_sword": {
        "minecraft:type_family": {
          "family": [
            "lich",
            "skeleton",
            "undead",
            "monster",
            "mob",
            "boss"
          ]
        },
        "minecraft:boss": {
          "hud_range": 256,
          "name": "entity.twilightforest:lich.shield.0"
        },
        "minecraft:loot": {
          "table": "loot_tables/entities/lich.json"
        },
        "minecraft:equipment": {
          "table": "loot_tables/entities/lich_gear.json"
        },
        "minecraft:experience_reward": {
          "on_death": "217"
        },
        "minecraft:variant": {
          "value": 1
        },
        "minecraft:movement": {
          "value": 0.45
        },
        "minecraft:attack": {
          "damage": 3
        },
        "minecraft:behavior.melee_attack": {
          "priority": 3
        }
      },
      "twilightforest:despawn": {
        "minecraft:instant_despawn": {}
      }
    },
    "components": {
      "minecraft:health": {
        "value": 100,
        "max": 100
      },
      "minecraft:movement": {
        "value": 0.23
      },
      "minecraft:collision_box": {
        "width": 0.6,
        "height": 1.9
      },
      "minecraft:attack": {
        "damage": 3
      },
      "minecraft:variant": {
        "value": 0
      },
      "minecraft:skin_id": {
        "value": 0
      },
      "minecraft:mark_variant": {
        "value": 1
      },
      "minecraft:shooter": {
        "def": "twilightforest:ender_pearl_lich"
      },
      "minecraft:fire_immune": true,
      "minecraft:navigation.walk": {
        "is_amphibious": true,
        "avoid_sun": true,
        "avoid_water": true
      },
      "minecraft:movement.basic": {},
      "minecraft:jump.static": {},
      "minecraft:can_climb": {},
      "minecraft:breathable": {
        "total_supply": 15,
        "suffocate_time": 0,
        "breathes_water": true
      },
      "minecraft:behavior.hurt_by_target": {
        "priority": 1
      },
      "minecraft:behavior.look_at_player": {
        "priority": 7,
        "look_distance": 8
      },
      "minecraft:behavior.random_look_around": {
        "priority": 8
      },
      "minecraft:behavior.nearest_attackable_target": {
        "priority": 2,
        "entity_types": [
          {
            "filters": {
              "test": "is_family",
              "subject": "other",
              "value": "villager"
            },
            "max_dist": 64
          }
        ],
        "must_see": false
      },
      "minecraft:physics": {},
      "minecraft:pushable": {
        "is_pushable": true,
        "is_pushable_by_piston": true
      },
      "minecraft:conditional_bandwidth_optimization": {}
    },
    "events": {
      "minecraft:entity_spawned": {
        "add": {
          "component_groups": [
            "twilightforest:lich_has_shield",
            "twilightforest:lich_shield_5",
            "twilightforest:lich_ranged_attack"
          ]
        },
        "run_command": {
          "command": "replaceitem entity @s slot.weapon.mainhand 0 twilightforest:twilight_scepter"
        }
      },
      "twilightforest:is_shadow": {
        "add": {
          "component_groups": [
            "twilightforest:is_shadow",
            "twilightforest:lich_ranged_attack"
          ]
        },
        "run_command": {
          "command": [
            "replaceitem entity @s slot.weapon.mainhand 0 twilightforest:twilight_scepter",
            "tag @s add twilightforest:is_shadow"
          ]
        }
      },
      "twilightforest:on_shield_break": {
        "add": {
          "component_groups": [
            "twilightforest:on_shield_break"
          ]
        }
      },
      "twilightforest:setAttackType": {
        "randomize": [
          {
            "weight": 3,
            "add": {
              "component_groups": [
                "twilightforest:ender_pearl"
              ]
            }
          },
          {
            "weight": 1,
            "add": {
              "component_groups": [
                "twilightforest:lich_fireball"
              ]
            }
          }
        ]
      },
      "twilightforest:on_shot": {
        "sequence": [
          {
            "filters": {
              "all_of": [
                {
                  "test": "is_variant",
                  "operator": ">=",
                  "value": 2
                },
                {
                  "test": "is_variant",
                  "operator": "<=",
                  "value": 8
                }
              ]
            },
            "run_command": {
              "command": [
                "execute @s[tag=twilightforest:has_shadow_1,tag=!twilightforest:has_shadow_2,tag=!twilightforest:is_shadow] ~ ~ ~ summon twilightforest:lich ~ ~ ~ twilightforest:is_shadow",
                "execute @s[tag=!twilightforest:has_shadow_1,tag=!twilightforest:is_shadow] ~ ~ ~ summon twilightforest:lich ~ ~ ~ twilightforest:is_shadow",
                "tag @s[tag=twilightforest:has_shadow_1,tag=!twilightforest:has_shadow_2,tag=!twilightforest:is_shadow] add twilightforest:has_shadow_2",
                "tag @s[tag=!twilightforest:has_shadow_1,tag=!twilightforest:is_shadow] add twilightforest:has_shadow_1"
              ]
            }
          },
          /*{
            "run_command": {
              "command": "spreadplayers ~ ~ 0 10 @s"
            }
          },*/
          {
            "trigger": "twilightforest:setAttackType"
          }
        ]
      },
      "twilightforest:on_hurt": {
        "run_command": {
          "command": "spreadplayers ~ ~ 0 8 @s"
        }
      },
      "minecraft:entity_transformed": {
        "sequence": [
          {
            "filters": {
              "test": "is_variant",
              "subject": "other",
              "value": 7
            },
            "add": {
              "component_groups": [
                "twilightforest:lich_has_shield",
                "twilightforest:lich_shield_4",
                "twilightforest:lich_ranged_attack"
              ]
            },
            "run_command": {
              "command": "replaceitem entity @s slot.weapon.mainhand 0 twilightforest:twilight_scepter"
            }
          },
          {
            "filters": {
              "test": "is_variant",
              "subject": "other",
              "value": 6
            },
            "add": {
              "component_groups": [
                "twilightforest:lich_has_shield",
                "twilightforest:lich_shield_3",
                "twilightforest:lich_ranged_attack"
              ]
            },
            "run_command": {
              "command": "replaceitem entity @s slot.weapon.mainhand 0 twilightforest:twilight_scepter"
            }
          },
          {
            "filters": {
              "test": "is_variant",
              "subject": "other",
              "value": 5
            },
            "add": {
              "component_groups": [
                "twilightforest:lich_has_shield",
                "twilightforest:lich_shield_2",
                "twilightforest:lich_ranged_attack"
              ]
            },
            "run_command": {
              "command": "replaceitem entity @s slot.weapon.mainhand 0 twilightforest:twilight_scepter"
            }
          },
          {
            "filters": {
              "test": "is_variant",
              "subject": "other",
              "value": 4
            },
            "add": {
              "component_groups": [
                "twilightforest:lich_has_shield",
                "twilightforest:lich_shield_1",
                "twilightforest:lich_ranged_attack"
              ]
            },
            "run_command": {
              "command": "replaceitem entity @s slot.weapon.mainhand 0 twilightforest:twilight_scepter"
            }
          },
          {
            "filters": {
              "test": "is_variant",
              "subject": "other",
              "value": 3
            },
            "add": {
              "component_groups": [
                "twilightforest:lich_shield_0",
                "twilightforest:lich_minion_manager",
                "twilightforest:lich_ranged_attack"
              ]
            },
            "run_command": {
              "command": "replaceitem entity @s slot.weapon.mainhand 0 twilightforest:zombie_scepter"
            },
            "trigger": "twilightforest:need_minions"
          },
          {
            "filters": {
              "test": "has_tag",
              "subject": "other",
              "value": "twilightforest:has_shadow_1"
            },
            "run_command": {
              "command": "tag @s add twilightforest:has_shadow_1"
            }
          },
          {
            "filters": {
              "test": "has_tag",
              "subject": "other",
              "value": "twilightforest:has_shadow_2"
            },
            "run_command": {
              "command": "tag @s add twilightforest:has_shadow_2"
            }
          }
        ]
      },
      "twilightforest:need_minions": {
        "run_command": {
          "command": [
            "execute @s[tag=twilightforest:has_minion_8,tag=!twilightforest:has_minion_9] ~ ~ ~ summon twilightforest:lich_minion ~ ~ ~",
            "execute @s[tag=twilightforest:has_minion_7,tag=!twilightforest:has_minion_8] ~ ~ ~ summon twilightforest:lich_minion ~ ~ ~",
            "execute @s[tag=twilightforest:has_minion_6,tag=!twilightforest:has_minion_7] ~ ~ ~ summon twilightforest:lich_minion ~ ~ ~",
            "execute @s[tag=twilightforest:has_minion_5,tag=!twilightforest:has_minion_6] ~ ~ ~ summon twilightforest:lich_minion ~ ~ ~",
            "execute @s[tag=twilightforest:has_minion_4,tag=!twilightforest:has_minion_5] ~ ~ ~ summon twilightforest:lich_minion ~ ~ ~",
            "execute @s[tag=twilightforest:has_minion_3,tag=!twilightforest:has_minion_4] ~ ~ ~ summon twilightforest:lich_minion ~ ~ ~",
            "execute @s[tag=twilightforest:has_minion_2,tag=!twilightforest:has_minion_3] ~ ~ ~ summon twilightforest:lich_minion ~ ~ ~",
            "execute @s[tag=twilightforest:has_minion_1,tag=!twilightforest:has_minion_2] ~ ~ ~ summon twilightforest:lich_minion ~ ~ ~",
            "execute @s[tag=!twilightforest:has_minion_1] ~ ~ ~ summon twilightforest:lich_minion ~ ~ ~",
            "execute @e[type=twilightforest:lich_minion,r=64,c=1] ~ ~ ~ tag @e[type=twilightforest:lich,r=64,tag=!twilightforest:is_shadow] add twilightforest:has_minions",
            "tag @s[tag=twilightforest:has_minion_8,tag=!twilightforest:has_minion_9] add twilightforest:has_minion_9",
            "tag @s[tag=twilightforest:has_minion_7,tag=!twilightforest:has_minion_8] add twilightforest:has_minion_8",
            "tag @s[tag=twilightforest:has_minion_6,tag=!twilightforest:has_minion_7] add twilightforest:has_minion_7",
            "tag @s[tag=twilightforest:has_minion_5,tag=!twilightforest:has_minion_6] add twilightforest:has_minion_6",
            "tag @s[tag=twilightforest:has_minion_4,tag=!twilightforest:has_minion_5] add twilightforest:has_minion_5",
            "tag @s[tag=twilightforest:has_minion_3,tag=!twilightforest:has_minion_4] add twilightforest:has_minion_4",
            "tag @s[tag=twilightforest:has_minion_2,tag=!twilightforest:has_minion_3] add twilightforest:has_minion_3",
            "tag @s[tag=twilightforest:has_minion_1,tag=!twilightforest:has_minion_2] add twilightforest:has_minion_2",
            "tag @s[tag=!twilightforest:has_minion_1] add twilightforest:has_minion_1"
          ]
        }
      },
      "twilightforest:test_minions": {
        "sequence": [
          {
            "run_command": {
              "command": [
                "tag @s remove twilightforest:has_minions",
                "execute @e[type=twilightforest:lich_minion,r=64,c=1] ~ ~ ~ tag @e[type=twilightforest:lich,r=64,tag=!twilightforest:is_shadow] add twilightforest:has_minions"
              ]
            }
          }
        ]
      },
      "twilightforest:lich_sword": {
        /*"run_command": {
          "command": "replaceitem entity @s slot.weapon.mainhand 0 golden_sword"
        },*/
        "add": {
          "component_groups": [
            "twilightforest:lich_sword"
          ]
        },
        "remove": {
          "component_groups": [
            "twilightforest:lich_ranged_attack",
            "twilightforest:lich_minion_manager"
          ]
        }
      },
      "twilightforest:despawn": {
        "add": {
          "component_groups": [
            "twilightforest:despawn"
          ]
        }
      }
    }
  }
}