{
"format_version": "1.8.0",
"minecraft:entity": {
"description": {
"identifier": "twilightforest:hydra",
"is_spawnable": true,
"is_summonable": true,
"is_experimental": false
},
"component_groups": {
"火焰吞吐": {
"minecraft:shooter": {
"def": "twilightforest:flame"
},
"minecraft:behavior.ranged_attack": {
"attack_interval_min": 1,
"attack_interval_max": 3,
"charge_charged_trigger": 1.0,
"charge_shoot_trigger": 3.0,
"attack_radius": 64,
"burst_shots": 24,
"burst_interval": 0.03
},
"minecraft:timer": {
"looping": false,
"randomInterval": true,
"time": [ 8.0, 15.0 ],
"time_down_event": {
"event": "切换攻击状态"
}
}
},
"火焰TNT": {
"minecraft:shooter": {
"def": "twilightforest:flame"
},
"minecraft:behavior.ranged_attack": {
"attack_interval_min": 1,
"attack_interval_max": 3,
"charge_charged_trigger": 1.0,
"charge_shoot_trigger": 3.0,
"attack_radius": 64,
"burst_shots": 3,
"burst_interval": 0.5
},
"minecraft:timer": {
"looping": false,
"randomInterval": true,
"time": [ 5.0, 8.0 ],
"time_down_event": {
"event": "切换火焰吞吐"
}
}
}
//——结束
},
"components": {
"minecraft:nameable": {
},
"minecraft:type_family": {
"family": [ "hydra", "monster", "boss" ] 
},
"minecraft:boss": {
"should_darken_sky": false,
"name": "entity.twilightforest:hydra.name",
"hud_range": 50
},
"minecraft:breathable": {
"totalSupply": 15,
"suffocateTime": 0
},
"minecraft:health": {
"value": 360,
"max": 360
},
"minecraft:movement": {
"value": 0.0
},
"minecraft:underwater_movement": {
"value": 0.0
},
"minecraft:scale": {
"value": 1.5
},
"minecraft:collision_box": {
"width": 4.0,
"height": 8.0
},
"minecraft:knockback_resistance": {
"value": 100.0
},
"minecraft:fire_immune": true,
"minecraft:loot": {
"table": "loot_tables/entities/hydra.json"
},
"minecraft:navigation.generic": {
"can_path_over_water": false,
"avoid_water": false,
"avoid_damage_blocks": true,
"can_walk": false
},
"minecraft:movement.basic": {
},
"minecraft:jump.static": {
},
"minecraft:can_climb": {
},
"minecraft:behavior.random_stroll": {
"priority": 5,
"speed_multiplier": 1
},
"minecraft:behavior.float": {
"priority": 0
},
"minecraft:behavior.hurt_by_target": {
"priority": 1
},
"minecraft:behavior.look_at_target": {
"priority": 5
},
"minecraft:behavior.look_at_player": {
"priority": 6,
"look_distance": 8
},
"minecraft:behavior.random_look_around": {
"priority": 7
},
"minecraft:behavior.nearest_attackable_target": {
"priority": 3,
"entity_types": [
{
"filters": { "test" :  "is_family", "subject" : "other", "value" :  "player"},
"max_dist": 64
},
{
"filters": { 
"all_of": [ 
{ "test": "is_family", "subject": "other", "operator": "!=", "value": "minoshroom" },
{ "test": "is_family", "subject": "other", "operator": "!=", "value": "inanimate"}
]
},
"max_dist": 64
}
],
"must_see": true
},
"minecraft:physics": {
}
},
"events": {
"minecraft:entity_spawned": {
"add": { "component_groups": [ "火焰吞吐" ] }
},
"切换火焰吞吐": {
"add": { "component_groups": [ "火焰吞吐" ] },
"remove": { "component_groups": [ "火焰TNT" ] }
},
"切换攻击状态": {
"sequence": [
{
"randomize": [
{
"weight": 1,
"sequence": [
{
"randomize": [
{
"weight": 75,
"add": { "component_groups": [ "火焰吞吐" ] },
"remove": { "component_groups": [ "火焰TNT" ] }
},
{
"weight": 80,
"add": { "component_groups": [ "火焰TNT" ] },
"remove": { "component_groups": [ "火焰吞吐" ] }
}
]
}
//——区域
]
}
]
}
]
}
//——销毁
}
}
}