{
  "format_version": "1.16.0",
  "minecraft:entity": {
    "description": {
      "identifier": "twilightforest:ur_ghast",
      "is_spawnable": true,
      "is_summonable": true,
      "is_experimental": false,
      "animations": {
        "health": "controller.animation.twilightforest.ur_ghast.health"
      },
      "scripts": {
        "animate": [
          "health"
        ]
      }
    },
    "component_groups": {
      "twilightforest:projectile_resistance": {
        "minecraft:damage_sensor": {
          "triggers": [
            {
              "cause": "projectile",
              "damage_multiplier": 0.25
            }
          ]
        }
      }
    },
    "components": {
      "minecraft:boss": {
        "should_darken_sky": false,
        "name": "entity.twilightforest:ur_ghast.name",
        "hud_range": 64
      },
      "minecraft:experience_reward": {
        "on_death": "317"
      },
      "minecraft:breathable": {
        "total_supply": 15,
        "suffocate_time": 0
      },
      "minecraft:fire_immune": {
      },
      "minecraft:nameable": {
      },
      "minecraft:health": {
        "value": 250,
        "max": 250
      },
      "minecraft:collision_box": {
        "width": 1,
        "height": 1
      },
      "minecraft:scale": {
        "value": 12.5
      },
      "minecraft:movement": {
        "value": 0.01
      },
      "minecraft:navigation.float": {
        "can_path_over_water": true
      },
      "minecraft:behavior.float_wander": {
        "priority": 2,
        "must_reach": true
      },
      "minecraft:can_fly": {
      },
      "minecraft:loot": {
        "table": "loot_tables/entities/ghast.json"
      },
      "minecraft:shooter": {
        "def": "minecraft:fireball"
      },
      "minecraft:type_family": {
        "family": [ "ghast", "monster", "mob", "boss" ]
      },
      "minecraft:damage_sensor": {
        "triggers": {
          "cause": "fall",
          "deals_damage": false
        }
      },
      "minecraft:jump.static": {
      },
      "minecraft:despawn": {
        "despawn_from_distance": {}
      },
      "minecraft:behavior.float": {
        "priority": 0
      },
      "minecraft:behavior.ranged_attack": {
        "priority": 1,
        "attack_radius": 256,
        "charge_shoot_trigger": 2,
        "charge_charged_trigger": 1,
        "burst_shots": 3,
        "burst_interval": 0.25
      },
      /*"minecraft:area_attack":{
        "cause": "attack",
        "damage_per_tick": 3,
        "damage_range": 256,
        "entity_filter":{
          "all_of": [
            { "test": "is_family", "subject": "other", "value": "player" },
            { "test": "in_water", "subject": "other", "operator": "!=", "value": true },
            { "test": "in_water_or_rain", "subject": "other", "operator": "==", "value": true }
          ]
        }
      },*/
      "minecraft:follow_range": {
        "value": 64,
        "max": 64
      },
      "minecraft:behavior.hurt_by_target": {
        "priority": 1
      },
      "minecraft:behavior.nearest_attackable_target": {
        "priority": 2,
        "entity_types": [
          {
            "filters": {
              "test": "is_family",
              "subject": "other",
              "value": "player"
            },
            "max_dist": 256
          }
        ],
        "must_see": false
      },
      "minecraft:physics": {
      },
      "minecraft:pushable": {
        "is_pushable": true,
        "is_pushable_by_piston": true
      },
      "minecraft:conditional_bandwidth_optimization": {
      }
    },
    "events": {
      "twilightforest:add_projectile_resistance": {
        "add": {
          "component_groups": [
            "twilightforest:projectile_resistance"
          ]
        }
      },
      "twilightforest:remove_projectile_resistance": {
        "remove": {
          "component_groups": [
            "twilightforest:projectile_resistance"
          ]
        }
      }
    }
  }
}