{
  "format_version": "1.10.0",
  "minecraft:client_entity": {
    "description": {
      "identifier": "twilightforest:bighorn_sheep",
      "materials": { "default": "sheep" },
      "textures": {
        "default": "textures/entity/bighorn_sheep"
      },
      "geometry": {
        "default": "geometry.bighorn_sheep",
        "sheared": "geometry.bighorn_sheep.sheared"
      },
      "particle_emitters": {
        "flame": "animation.blaze.flame"
      },
      "animations": {
        "setup": "animation.sheep.setup",
        "grazing": "animation.sheep.grazing",
        "walk": "animation.quadruped.walk",
        "look_at_target": "animation.common.look_at_target",
        "baby_transform": "animation.sheep.baby_transform",
        "move": "controller.animation.sheep.move"
      },
      "scripts": {
        "animate": [
          "setup",
          "look_at_target",
          "move",
          { "baby_transform": "query.is_baby" }
        ]
      },
      "render_controllers": [ "controller.render.sheep" ],
      "spawn_egg": {
        "texture": "spawn_bighorn_sheep"
      }
    }
  }
}


