{
  "format_version": "1.10.0",
  "minecraft:client_entity": {
    "description": {
      "identifier": "twilightforest:bunny",
      "materials": {
        "default": "bunny"
      },
      "geometry": {
        "default": "geometry.bunny"
      },
      "textures": {
        "brown": "textures/entity/bunny/bunny_brown",
        "dutch": "textures/entity/bunny/bunny_dutch",
        "white": "textures/entity/bunny/bunny_white"
      },
      "spawn_egg": {
        "texture": "spawn_bunny"
      },
      "scripts": {
        "animate": [
          "general"
        ]
      },
      "animations": {
        "general": "animation.bunny.general"
      },
      "render_controllers": [ "controller.render.bunny" ]
    }
  }
}