{
  "format_version": "1.8.0",
  "minecraft:client_entity": {
    "description": {
      "identifier": "twilightforest:maze_slime",
      "materials": {
        "default": "slime",
        "outer": "slime_outer"
      },
      "textures": {
        "default": "textures/entity/maze_slime"
      },
      "geometry": {
        "default": "geometry.slime",
        "armor": "geometry.slime.armor"
      },
      "scripts": {
        "scale": "query.variant"
      },
      "render_controllers": [
        "controller.render.slime",
        "controller.render.slime_armor"
      ],
      "spawn_egg": {
        "texture": "spawn_maze_slime"
      }
    }
  }
}