{
  "format_version": "1.10.0",
  "minecraft:client_entity": {
    "description": {
      "identifier": "twilightforest:minotaur",
      "materials": {
        "default": "minotaur"
      },
      "textures": {
        "default": "textures/entity/minotaur"
      },
      "geometry": {
        "default": "geometry.twilightforest.minotaur"
      },
      "spawn_egg": { 
        "texture": "spawn_minotaur"
      },
      "scripts": {
        "pre_animation": [
          "variable.tcos0 = (Math.cos(query.modified_distance_moved * 38.17) * query.modified_move_speed / variable.gliding_speed_value) * 57.3;"
        ],
        "animate": [
          "move",
          "look_at_target_controller"
        ]
      },
      "animations": {
        "move": "animation.humanoid.move",

        "look_at_target_controller": "controller.animation.humanoid.look_at_target",
        "look_at_target_default": "animation.humanoid.look_at_target.default",
        "look_at_target_gliding": "animation.humanoid.look_at_target.gliding",
        "look_at_target_swimming": "animation.humanoid.look_at_target.swimming"
      },
      "render_controllers": [ "controller.render.piglin_brute" ],
      "enable_attachables": true
    }
  }
}
