{
  "format_version": "1.10.0",
  "minecraft:client_entity": {
    "description": {
      "identifier": "twilightforest:quest_ram",
      "materials": { "default": "drowned" },
      "textures": {
        "default": "textures/entity/boss/quest_ram"
      },
      "geometry": {
        "default": "geometry.quest_ram"
      },
      "scripts": {
        "animate": ["wool", "move", "look_at_target"],
        "pre_animation": [
          "variable.general0 = (Math.cos(query.modified_distance_moved * 38.17) * query.modified_move_speed / variable.gliding_speed_value) * 57.3;",
          "variable.general1 = -variable.general0;"
        ]
      },
      "animations": {
        "wool": "animation.quest_ram.wool",
        "move": "animation.quest_ram.move",
        "look_at_target": "animation.common.look_at_target"
      },
      "render_controllers": [ "controller.render.quest_ram" ],
      "spawn_egg": {
        "texture": "spawn_quest_ram"
      }
    }
  }
}