{
  "format_version": "1.10.0",
  "minecraft:client_entity": {
    "description": {
      "identifier": "twilightforest:raven",
      "materials": {
        "default": "raven"
      },
      "textures": {
        "default": "textures/entity/raven"
      },
      "geometry": {
        "default": "geometry.twilightforest.raven"
      },
      "animations": {
        "move": "animation.raven.move",
        "general": "animation.raven.general",
        "look_at_target": "animation.common.look_at_target"
      },
      "scripts": {
        "animate": [
          "general",
          { "move": "query.modified_move_speed" },
          "look_at_target"
        ]
      },
      "render_controllers": [ "controller.render.raven" ],
      "spawn_egg": {
        "texture": "spawn_raven"
      }
    }
  }
}
