{
  "format_version": "1.10.0",
  "minecraft:client_entity": {
    "description": {
      "identifier": "twilightforest:wild_deer",
      "materials": {
        "default": "wild_deer"
      },
      "geometry": {
        "default": "geometry.wild_deer"
      },
      "textures": {
        "default": "textures/entity/wild_deer"
      },
      "spawn_egg": {
        "texture": "spawn_wild_deer"
      },
      "animations": {
        "setup": "animation.cow.setup.v1.0",
        "walk": "animation.quadruped.walk",
        "look_at_target": "animation.common.look_at_target",
        "baby_transform": "animation.cow.baby_transform"
      },
      "scripts": {
        "animate": [
          "setup",
          { "walk": "query.modified_move_speed" },
          "look_at_target",
          { "baby_transform": "query.is_baby" }
        ]
      },
      "render_controllers": [ "controller.render.wild_deer" ]
    }
  }
}